Time,TraceSource,NodeId,MsgType,PacketHex,PacketLength
0.886543813,USMsgTx,935,2,a703000000000000ffffffffffffffff0000,18
1.199934806,USMsgTx,343,2,5701000000000000feffffffffffffff0000,18
1.256076377,USMsgTx,909,2,8d03000000000000fdffffffffffffff0000,18
1.349725010,USMsgTx,814,2,2e03000000000000fcffffffffffffff0000,18
1.648211861,USMsgTx,402,2,9201000000000000fbffffffffffffff0000,18
2.116138963,USMsgTx,105,2,6900000000000000faffffffffffffff0000,18
2.237428320,USMsgTx,404,2,9401000000000000f9ffffffffffffff0000,18
2.265395869,USMsgTx,930,2,a203000000000000f8ffffffffffffff0000,18
2.335602553,USMsgTx,271,2,0f01000000000000f7ffffffffffffff0000,18
2.998981537,USMsgTx,960,2,c003000000000000f6ffffffffffffff0000,18
3.124434116,USMsgTx,325,2,4501000000000000f5ffffffffffffff0000,18
3.681293564,USMsgTx,725,2,d502000000000000f4ffffffffffffff0000,18
4.427124005,USMsgTx,889,2,7903000000000000f3ffffffffffffff0000,18
4.464626598,USMsgTx,887,2,7703000000000000f2ffffffffffffff0000,18
5.107384073,USMsgTx,838,2,4603000000000000f1ffffffffffffff0000,18
5.147782263,USMsgTx,568,2,3802000000000000f0ffffffffffffff0000,18
5.783708696,USMsgTx,211,2,d300000000000000efffffffffffffff0000,18
5.953865530,USMsgTx,546,2,2202000000000000eeffffffffffffff0000,18
6.987978972,USMsgTx,358,2,6601000000000000edffffffffffffff0000,18
7.056024034,USMsgTx,203,2,cb00000000000000ecffffffffffffff0000,18
7.727750276,USMsgTx,172,2,ac00000000000000ebffffffffffffff0000,18
7.790841003,USMsgTx,208,2,d000000000000000eaffffffffffffff0000,18
7.813307998,USMsgTx,550,2,2602000000000000e9ffffffffffffff0000,18
8.574840608,USMsgTx,216,2,d800000000000000e8ffffffffffffff0000,18
8.889578433,USMsgTx,662,2,9602000000000000e7ffffffffffffff0000,18
8.894254348,USMsgTx,28,2,1c00000000000000e6ffffffffffffff0000,18
8.934793774,USMsgTx,260,2,0401000000000000e5ffffffffffffff0000,18
9.023175429,USMsgTx,235,2,eb00000000000000e4ffffffffffffff0000,18
9.218050985,USMsgTx,549,2,2502000000000000e3ffffffffffffff0000,18
9.674043793,USMsgTx,192,2,c000000000000000e2ffffffffffffff0000,18
9.799993070,USMsgTx,411,2,9b01000000000000e1ffffffffffffff0000,18
9.886385769,USMsgTx,724,2,d402000000000000e0ffffffffffffff0000,18
10.096195782,USMsgTx,989,2,dd03000000000000dfffffffffffffff0000,18
10.817795677,USMsgTx,536,2,1802000000000000deffffffffffffff0000,18
11.024593443,USMsgTx,125,2,7d00000000000000ddffffffffffffff0000,18
11.121278561,USMsgTx,623,2,6f02000000000000dcffffffffffffff0000,18
11.126302884,USMsgTx,366,2,6e01000000000000dbffffffffffffff0000,18
11.180595896,USMsgTx,660,2,9402000000000000daffffffffffffff0000,18
11.202232243,USMsgTx,534,2,1602000000000000d9ffffffffffffff0000,18
11.504869464,USMsgTx,750,2,ee02000000000000d8ffffffffffffff0000,18
11.678854941,USMsgTx,3,2,0300000000000000d7ffffffffffffff0000,18
12.055981021,USMsgTx,287,2,1f01000000000000d6ffffffffffffff0000,18
12.587605141,USMsgTx,137,2,8900000000000000d5ffffffffffffff0000,18
12.994989474,USMsgTx,943,2,af03000000000000d4ffffffffffffff0000,18
13.141298814,USMsgTx,217,2,d900000000000000d3ffffffffffffff0000,18
13.324044568,USMsgTx,863,2,5f03000000000000d2ffffffffffffff0000,18
13.646543058,USMsgTx,560,2,3002000000000000d1ffffffffffffff0000,18
14.828594165,USMsgTx,697,2,b902000000000000d0ffffffffffffff0000,18
14.842484725,USMsgTx,119,2,7700000000000000cfffffffffffffff0000,18
15.154556266,USMsgTx,468,2,d401000000000000ceffffffffffffff0000,18
15.284016094,USMsgTx,690,2,b202000000000000cdffffffffffffff0000,18
16.122011084,USMsgTx,74,2,4a00000000000000ccffffffffffffff0000,18
16.332489973,USMsgTx,460,2,cc01000000000000cbffffffffffffff0000,18
16.382993596,USMsgTx,775,2,0703000000000000caffffffffffffff0000,18
16.582367440,USMsgTx,128,2,8000000000000000c9ffffffffffffff0000,18
16.746404646,USMsgTx,406,2,9601000000000000c8ffffffffffffff0000,18
17.285389545,USMsgTx,633,2,7902000000000000c7ffffffffffffff0000,18
17.668380582,USMsgTx,266,2,0a01000000000000c6ffffffffffffff0000,18
17.873462642,USMsgTx,692,2,b402000000000000c5ffffffffffffff0000,18
17.897839593,USMsgTx,283,2,1b01000000000000c4ffffffffffffff0000,18
18.230772086,USMsgTx,473,2,d901000000000000c3ffffffffffffff0000,18
18.830716124,USMsgTx,22,2,1600000000000000c2ffffffffffffff0000,18
19.026957232,USMsgTx,802,2,2203000000000000c1ffffffffffffff0000,18
19.098570191,USMsgTx,868,2,6403000000000000c0ffffffffffffff0000,18
19.295445041,USMsgTx,360,2,6801000000000000bfffffffffffffff0000,18
19.576802424,USMsgTx,448,2,c001000000000000beffffffffffffff0000,18
19.637334995,USMsgTx,658,2,9202000000000000bdffffffffffffff0000,18
19.707505428,USMsgTx,806,2,2603000000000000bcffffffffffffff0000,18
19.944519607,USMsgTx,625,2,7102000000000000bbffffffffffffff0000,18
20.635504809,USMsgTx,885,2,7503000000000000baffffffffffffff0000,18
20.875361850,USMsgTx,831,2,3f03000000000000b9ffffffffffffff0000,18
21.050927457,USMsgTx,173,2,ad00000000000000b8ffffffffffffff0000,18
21.618210360,USMsgTx,85,2,5500000000000000b7ffffffffffffff0000,18
21.672241019,USMsgTx,875,2,6b03000000000000b6ffffffffffffff0000,18
21.878918295,USMsgTx,334,2,4e01000000000000b5ffffffffffffff0000,18
21.960538199,USMsgTx,429,2,ad01000000000000b4ffffffffffffff0000,18
22.213360858,USMsgTx,614,2,6602000000000000b3ffffffffffffff0000,18
22.696539950,USMsgTx,911,2,8f03000000000000b2ffffffffffffff0000,18
22.858386546,USMsgTx,140,2,8c00000000000000b1ffffffffffffff0000,18
22.933318598,USMsgTx,860,2,5c03000000000000b0ffffffffffffff0000,18
23.112381763,USMsgTx,79,2,4f00000000000000afffffffffffffff0000,18
23.324211675,USMsgTx,103,2,6700000000000000aeffffffffffffff0000,18
23.355714990,USMsgTx,138,2,8a00000000000000adffffffffffffff0000,18
23.481714139,USMsgTx,508,2,fc01000000000000acffffffffffffff0000,18
23.562927660,USMsgTx,474,2,da01000000000000abffffffffffffff0000,18
24.105375472,USMsgTx,280,2,1801000000000000aaffffffffffffff0000,18
24.262621800,USMsgTx,840,2,4803000000000000a9ffffffffffffff0000,18
24.330678316,USMsgTx,413,2,9d01000000000000a8ffffffffffffff0000,18
24.470047370,USMsgTx,746,2,ea02000000000000a7ffffffffffffff0000,18
24.689752570,USMsgTx,446,2,be01000000000000a6ffffffffffffff0000,18
24.765632197,USMsgTx,176,2,b000000000000000a5ffffffffffffff0000,18
24.780980649,USMsgTx,371,2,7301000000000000a4ffffffffffffff0000,18
24.982736212,USMsgTx,729,2,d902000000000000a3ffffffffffffff0000,18
25.300576668,USMsgTx,102,2,6600000000000000a2ffffffffffffff0000,18
25.376553595,USMsgTx,558,2,2e02000000000000a1ffffffffffffff0000,18
25.780625748,USMsgTx,124,2,7c00000000000000a0ffffffffffffff0000,18
26.384259082,USMsgTx,58,2,3a000000000000009fffffffffffffff0000,18
26.507492343,USMsgTx,36,2,24000000000000009effffffffffffff0000,18
27.170510555,USMsgTx,696,2,b8020000000000009dffffffffffffff0000,18
27.301444690,USMsgTx,793,2,19030000000000009cffffffffffffff0000,18
27.380244293,USMsgTx,53,2,35000000000000009bffffffffffffff0000,18
28.241773642,USMsgTx,653,2,8d020000000000009affffffffffffff0000,18
28.245556604,USMsgTx,410,2,9a0100000000000099ffffffffffffff0000,18
28.781964207,USMsgTx,629,2,750200000000000098ffffffffffffff0000,18
28.861166071,USMsgTx,282,2,1a0100000000000097ffffffffffffff0000,18
28.948120987,USMsgTx,622,2,6e0200000000000096ffffffffffffff0000,18
29.031346514,USMsgTx,147,2,930000000000000095ffffffffffffff0000,18
29.057284943,USMsgTx,765,2,fd0200000000000094ffffffffffffff0000,18
29.397698844,USMsgTx,591,2,4f0200000000000093ffffffffffffff0000,18
29.697192920,USMsgTx,397,2,8d0100000000000092ffffffffffffff0000,18
30.326588523,USMsgTx,422,2,a60100000000000091ffffffffffffff0000,18
30.399923683,USMsgTx,304,2,300100000000000090ffffffffffffff0000,18
30.668805022,USMsgTx,783,2,0f030000000000008fffffffffffffff0000,18
30.740544408,USMsgTx,853,2,55030000000000008effffffffffffff0000,18
31.046695880,USMsgTx,788,2,14030000000000008dffffffffffffff0000,18
31.164079271,USMsgTx,181,2,b5000000000000008cffffffffffffff0000,18
31.341332993,USMsgTx,647,2,87020000000000008bffffffffffffff0000,18
31.495481578,USMsgTx,584,2,48020000000000008affffffffffffff0000,18
31.742384029,USMsgTx,387,2,830100000000000089ffffffffffffff0000,18
33.041160058,USMsgTx,936,2,a80300000000000088ffffffffffffff0000,18
33.127802747,USMsgTx,112,2,700000000000000087ffffffffffffff0000,18
33.457294050,USMsgTx,431,2,af0100000000000086ffffffffffffff0000,18
33.728033657,USMsgTx,562,2,320200000000000085ffffffffffffff0000,18
33.851654161,USMsgTx,510,2,fe0100000000000084ffffffffffffff0000,18
34.255883615,USMsgTx,288,2,200100000000000083ffffffffffffff0000,18
34.642240196,USMsgTx,171,2,ab0000000000000082ffffffffffffff0000,18
35.100845643,USMsgTx,385,2,810100000000000081ffffffffffffff0000,18
35.643985311,USMsgTx,184,2,b80000000000000080ffffffffffffff0000,18
37.119827657,USMsgTx,543,2,1f020000000000007fffffffffffffff0000,18
37.541623485,USMsgTx,751,2,ef020000000000007effffffffffffff0000,18
37.635455543,USMsgTx,674,2,a2020000000000007dffffffffffffff0000,18
37.655002491,USMsgTx,712,2,c8020000000000007cffffffffffffff0000,18
37.899809466,USMsgTx,95,2,5f000000000000007bffffffffffffff0000,18
39.178576075,USMsgTx,202,2,ca000000000000007affffffffffffff0000,18
39.182827656,USMsgTx,944,2,b00300000000000079ffffffffffffff0000,18
39.544035453,USMsgTx,785,2,110300000000000078ffffffffffffff0000,18
39.730912648,USMsgTx,329,2,490100000000000077ffffffffffffff0000,18
39.752766994,USMsgTx,917,2,950300000000000076ffffffffffffff0000,18
39.894035248,USMsgTx,182,2,b60000000000000075ffffffffffffff0000,18
40.192737933,USMsgTx,10,2,0a0000000000000074ffffffffffffff0000,18
40.200243369,USMsgTx,531,2,130200000000000073ffffffffffffff0000,18
40.338094530,USMsgTx,759,2,f70200000000000072ffffffffffffff0000,18
40.420052504,USMsgTx,507,2,fb0100000000000071ffffffffffffff0000,18
40.561401573,USMsgTx,54,2,360000000000000070ffffffffffffff0000,18
40.822313258,USMsgTx,233,2,e9000000000000006fffffffffffffff0000,18
40.979978191,USMsgTx,826,2,3a030000000000006effffffffffffff0000,18
41.190244529,USMsgTx,642,2,82020000000000006dffffffffffffff0000,18
41.863305169,USMsgTx,575,2,3f020000000000006cffffffffffffff0000,18
42.480278163,USMsgTx,811,2,2b030000000000006bffffffffffffff0000,18
43.570951782,USMsgTx,774,2,06030000000000006affffffffffffff0000,18
43.653911603,USMsgTx,851,2,530300000000000069ffffffffffffff0000,18
43.654717872,USMsgTx,561,2,310200000000000068ffffffffffffff0000,18
44.012996893,USMsgTx,93,2,5d0000000000000067ffffffffffffff0000,18
44.046422737,USMsgTx,57,2,390000000000000066ffffffffffffff0000,18
44.306584032,USMsgTx,199,2,c70000000000000065ffffffffffffff0000,18
44.743794111,USMsgTx,269,2,0d0100000000000064ffffffffffffff0000,18
44.796176398,USMsgTx,104,2,680000000000000063ffffffffffffff0000,18
44.803540250,USMsgTx,151,2,970000000000000062ffffffffffffff0000,18
45.061178871,USMsgTx,986,2,da0300000000000061ffffffffffffff0000,18
45.241515387,USMsgTx,130,2,820000000000000060ffffffffffffff0000,18
45.704990929,USMsgTx,328,2,48010000000000005fffffffffffffff0000,18
45.751135613,USMsgTx,830,2,3e030000000000005effffffffffffff0000,18
46.298142273,USMsgTx,437,2,b5010000000000005dffffffffffffff0000,18
46.467193743,USMsgTx,214,2,d6000000000000005cffffffffffffff0000,18
46.472685007,USMsgTx,349,2,5d010000000000005bffffffffffffff0000,18
46.630104421,USMsgTx,149,2,95000000000000005affffffffffffff0000,18
46.710682314,USMsgTx,52,2,340000000000000059ffffffffffffff0000,18
47.172539311,USMsgTx,47,2,2f0000000000000058ffffffffffffff0000,18
47.423377973,USMsgTx,126,2,7e0000000000000057ffffffffffffff0000,18
48.075722809,USMsgTx,518,2,060200000000000056ffffffffffffff0000,18
48.202447971,USMsgTx,493,2,ed0100000000000055ffffffffffffff0000,18
48.785038955,USMsgTx,716,2,cc0200000000000054ffffffffffffff0000,18
49.250434232,USMsgTx,799,2,1f0300000000000053ffffffffffffff0000,18
49.473016380,USMsgTx,189,2,bd0000000000000052ffffffffffffff0000,18
49.640562251,USMsgTx,761,2,f90200000000000051ffffffffffffff0000,18
49.745907203,USMsgTx,311,2,370100000000000050ffffffffffffff0000,18
49.749148066,USMsgTx,789,2,15030000000000004fffffffffffffff0000,18
50.350812699,USMsgTx,408,2,98010000000000004effffffffffffff0000,18
50.420242591,USMsgTx,475,2,db010000000000004dffffffffffffff0000,18
51.074944348,USMsgTx,48,2,30000000000000004cffffffffffffff0000,18
51.200051454,USMsgTx,719,2,cf020000000000004bffffffffffffff0000,18
51.356000891,USMsgTx,375,2,77010000000000004affffffffffffff0000,18
51.490228904,USMsgTx,205,2,cd0000000000000049ffffffffffffff0000,18
52.147817808,USMsgTx,898,2,820300000000000048ffffffffffffff0000,18
52.296394803,USMsgTx,92,2,5c0000000000000047ffffffffffffff0000,18
52.386461709,USMsgTx,14,2,0e0000000000000046ffffffffffffff0000,18
52.904948174,USMsgTx,801,2,210300000000000045ffffffffffffff0000,18
52.932489712,USMsgTx,268,2,0c0100000000000044ffffffffffffff0000,18
53.084331457,USMsgTx,835,2,430300000000000043ffffffffffffff0000,18
53.101465046,USMsgTx,918,2,960300000000000042ffffffffffffff0000,18
53.664092501,USMsgTx,362,2,6a0100000000000041ffffffffffffff0000,18
53.743460746,USMsgTx,503,2,f70100000000000040ffffffffffffff0000,18
53.795843312,USMsgTx,143,2,8f000000000000003fffffffffffffff0000,18
54.062535507,USMsgTx,583,2,47020000000000003effffffffffffff0000,18
54.108454229,USMsgTx,797,2,1d030000000000003dffffffffffffff0000,18
54.342304659,USMsgTx,348,2,5c010000000000003cffffffffffffff0000,18
54.448818398,USMsgTx,135,2,87000000000000003bffffffffffffff0000,18
54.456449422,USMsgTx,305,2,31010000000000003affffffffffffff0000,18
54.545195620,USMsgTx,756,2,f40200000000000039ffffffffffffff0000,18
54.769294683,USMsgTx,456,2,c80100000000000038ffffffffffffff0000,18
55.713348623,USMsgTx,81,2,510000000000000037ffffffffffffff0000,18
55.918869057,USMsgTx,452,2,c40100000000000036ffffffffffffff0000,18
56.751859561,USMsgTx,808,2,280300000000000035ffffffffffffff0000,18
57.108081243,USMsgTx,845,2,4d0300000000000034ffffffffffffff0000,18
57.556709640,USMsgTx,497,2,f10100000000000033ffffffffffffff0000,18
57.573252514,USMsgTx,341,2,550100000000000032ffffffffffffff0000,18
57.756767099,USMsgTx,817,2,310300000000000031ffffffffffffff0000,18
58.491601461,USMsgTx,837,2,450300000000000030ffffffffffffff0000,18
58.605845340,USMsgTx,347,2,5b010000000000002fffffffffffffff0000,18
59.013268299,USMsgTx,910,2,8e030000000000002effffffffffffff0000,18
59.195795774,USMsgTx,846,2,4e030000000000002dffffffffffffff0000,18
59.237058768,USMsgTx,449,2,c1010000000000002cffffffffffffff0000,18
59.322807946,USMsgTx,418,2,a2010000000000002bffffffffffffff0000,18
59.547188781,USMsgTx,874,2,6a030000000000002affffffffffffff0000,18
59.954349387,USMsgTx,238,2,ee0000000000000029ffffffffffffff0000,18
60.114795855,USMsgTx,37,2,250000000000000028ffffffffffffff0000,18
60.493329116,USMsgTx,780,2,0c0300000000000027ffffffffffffff0000,18
60.593757034,USMsgTx,942,2,ae0300000000000026ffffffffffffff0000,18
60.691308631,USMsgTx,592,2,500200000000000025ffffffffffffff0000,18
60.715477640,USMsgTx,83,2,530000000000000024ffffffffffffff0000,18
60.917907457,USMsgTx,555,2,2b0200000000000023ffffffffffffff0000,18
60.984380283,USMsgTx,275,2,130100000000000022ffffffffffffff0000,18
61.167803644,USMsgTx,825,2,390300000000000021ffffffffffffff0000,18
61.304021801,USMsgTx,872,2,680300000000000020ffffffffffffff0000,18
62.483039218,USMsgTx,222,2,de000000000000001fffffffffffffff0000,18
62.568678873,USMsgTx,495,2,ef010000000000001effffffffffffff0000,18
62.853901990,USMsgTx,229,2,e5000000000000001dffffffffffffff0000,18
63.174570291,USMsgTx,753,2,f1020000000000001cffffffffffffff0000,18
63.670432670,USMsgTx,94,2,5e000000000000001bffffffffffffff0000,18
63.776282771,USMsgTx,326,2,46010000000000001affffffffffffff0000,18
64.265847687,USMsgTx,209,2,d10000000000000019ffffffffffffff0000,18
65.030915994,USMsgTx,359,2,670100000000000018ffffffffffffff0000,18
65.173014336,USMsgTx,661,2,950200000000000017ffffffffffffff0000,18
65.278494935,USMsgTx,576,2,400200000000000016ffffffffffffff0000,18
65.478020422,USMsgTx,794,2,1a0300000000000015ffffffffffffff0000,18
65.663589480,USMsgTx,49,2,310000000000000014ffffffffffffff0000,18
65.909997678,USMsgTx,643,2,830200000000000013ffffffffffffff0000,18
65.941250863,USMsgTx,650,2,8a0200000000000012ffffffffffffff0000,18
66.184783369,USMsgTx,357,2,650100000000000011ffffffffffffff0000,18
67.117888867,USMsgTx,11,2,0b0000000000000010ffffffffffffff0000,18
67.327693641,USMsgTx,699,2,bb020000000000000fffffffffffffff0000,18
67.441431043,USMsgTx,525,2,0d020000000000000effffffffffffff0000,18
67.671723425,USMsgTx,307,2,33010000000000000dffffffffffffff0000,18
67.761630656,USMsgTx,683,2,ab020000000000000cffffffffffffff0000,18
68.229300992,USMsgTx,552,2,28020000000000000bffffffffffffff0000,18
68.435810630,USMsgTx,15,2,0f000000000000000affffffffffffff0000,18
69.629129600,USMsgTx,580,2,440200000000000009ffffffffffffff0000,18
70.195076288,USMsgTx,179,2,b30000000000000008ffffffffffffff0000,18
71.424192133,USMsgTx,156,2,9c0000000000000007ffffffffffffff0000,18
71.597320072,USMsgTx,502,2,f60100000000000006ffffffffffffff0000,18
71.796288023,USMsgTx,782,2,0e0300000000000005ffffffffffffff0000,18
71.964083325,USMsgTx,651,2,8b0200000000000004ffffffffffffff0000,18
72.131223162,USMsgTx,517,2,050200000000000003ffffffffffffff0000,18
72.650082691,USMsgTx,589,2,4d0200000000000002ffffffffffffff0000,18
72.880263733,USMsgTx,807,2,270300000000000001ffffffffffffff0000,18
73.039850218,USMsgTx,70,2,460000000000000000ffffffffffffff0000,18
73.122582051,USMsgTx,664,2,9802000000000000fffeffffffffffff0000,18
73.291873313,USMsgTx,303,2,2f01000000000000fefeffffffffffff0000,18
73.548122425,USMsgTx,12,2,0c00000000000000fdfeffffffffffff0000,18
73.831384944,USMsgTx,581,2,4502000000000000fcfeffffffffffff0000,18
74.726475785,USMsgTx,923,2,9b03000000000000fbfeffffffffffff0000,18
75.018429081,USMsgTx,196,2,c400000000000000fafeffffffffffff0000,18
75.071673168,USMsgTx,101,2,6500000000000000f9feffffffffffff0000,18
75.092634004,USMsgTx,254,2,fe00000000000000f8feffffffffffff0000,18
75.225673952,USMsgTx,810,2,2a03000000000000f7feffffffffffff0000,18
76.396479967,USMsgTx,710,2,c602000000000000f6feffffffffffff0000,18
76.840941720,USMsgTx,337,2,5101000000000000f5feffffffffffff0000,18
77.172038786,USMsgTx,590,2,4e02000000000000f4feffffffffffff0000,18
77.271572494,USMsgTx,13,2,0d00000000000000f3feffffffffffff0000,18
77.868273853,USMsgTx,766,2,fe02000000000000f2feffffffffffff0000,18
78.673690618,USMsgTx,17,2,1100000000000000f1feffffffffffff0000,18
78.688618020,USMsgTx,804,2,2403000000000000f0feffffffffffff0000,18
79.257427618,USMsgTx,335,2,4f01000000000000effeffffffffffff0000,18
79.295304672,USMsgTx,153,2,9900000000000000eefeffffffffffff0000,18
79.408804447,USMsgTx,600,2,5802000000000000edfeffffffffffff0000,18
79.836948869,USMsgTx,730,2,da02000000000000ecfeffffffffffff0000,18
80.292508402,USMsgTx,407,2,9701000000000000ebfeffffffffffff0000,18
80.320500397,USMsgTx,694,2,b602000000000000eafeffffffffffff0000,18
80.542137136,USMsgTx,705,2,c102000000000000e9feffffffffffff0000,18
80.781140621,USMsgTx,882,2,7203000000000000e8feffffffffffff0000,18
80.793747563,USMsgTx,582,2,4602000000000000e7feffffffffffff0000,18
81.050192601,USMsgTx,718,2,ce02000000000000e6feffffffffffff0000,18
82.119135088,USMsgTx,442,2,ba01000000000000e5feffffffffffff0000,18
82.141804365,USMsgTx,234,2,ea00000000000000e4feffffffffffff0000,18
82.254982415,USMsgTx,339,2,5301000000000000e3feffffffffffff0000,18
82.264510544,USMsgTx,812,2,2c03000000000000e2feffffffffffff0000,18
82.433701713,USMsgTx,463,2,cf01000000000000e1feffffffffffff0000,18
83.358580581,USMsgTx,820,2,3403000000000000e0feffffffffffff0000,18
83.568881913,USMsgTx,895,2,7f03000000000000dffeffffffffffff0000,18
84.312276224,USMsgTx,758,2,f602000000000000defeffffffffffff0000,18
84.352923288,USMsgTx,26,2,1a00000000000000ddfeffffffffffff0000,18
84.369255567,USMsgTx,39,2,2700000000000000dcfeffffffffffff0000,18
84.762887850,USMsgTx,924,2,9c03000000000000dbfeffffffffffff0000,18
84.817858748,USMsgTx,628,2,7402000000000000dafeffffffffffff0000,18
84.819010003,USMsgTx,671,2,9f02000000000000d9feffffffffffff0000,18
85.763048156,USMsgTx,109,2,6d00000000000000d8feffffffffffff0000,18
85.770121505,USMsgTx,574,2,3e02000000000000d7feffffffffffff0000,18
85.840224114,USMsgTx,193,2,c100000000000000d6feffffffffffff0000,18
85.995080342,USMsgTx,494,2,ee01000000000000d5feffffffffffff0000,18
86.158489394,USMsgTx,419,2,a301000000000000d4feffffffffffff0000,18
86.292179429,USMsgTx,803,2,2303000000000000d3feffffffffffff0000,18
86.385324380,USMsgTx,16,2,1000000000000000d2feffffffffffff0000,18
86.833279570,USMsgTx,159,2,9f00000000000000d1feffffffffffff0000,18
87.229178949,USMsgTx,398,2,8e01000000000000d0feffffffffffff0000,18
87.996978779,USMsgTx,396,2,8c01000000000000cffeffffffffffff0000,18
88.132815140,USMsgTx,952,2,b803000000000000cefeffffffffffff0000,18
88.244324283,USMsgTx,748,2,ec02000000000000cdfeffffffffffff0000,18
88.246313378,USMsgTx,969,2,c903000000000000ccfeffffffffffff0000,18
88.597733277,USMsgTx,42,2,2a00000000000000cbfeffffffffffff0000,18
88.644452332,USMsgTx,255,2,ff00000000000000cafeffffffffffff0000,18
89.307792199,USMsgTx,913,2,9103000000000000c9feffffffffffff0000,18
89.346447513,USMsgTx,388,2,8401000000000000c8feffffffffffff0000,18
89.472285101,USMsgTx,850,2,5203000000000000c7feffffffffffff0000,18
89.682450786,USMsgTx,300,2,2c01000000000000c6feffffffffffff0000,18
90.158126888,USMsgTx,479,2,df01000000000000c5feffffffffffff0000,18
90.214596261,USMsgTx,951,2,b703000000000000c4feffffffffffff0000,18
90.918725685,USMsgTx,98,2,6200000000000000c3feffffffffffff0000,18
90.931632559,USMsgTx,843,2,4b03000000000000c2feffffffffffff0000,18
91.018514412,USMsgTx,795,2,1b03000000000000c1feffffffffffff0000,18
91.354328324,USMsgTx,953,2,b903000000000000c0feffffffffffff0000,18
92.064793838,USMsgTx,578,2,4202000000000000bffeffffffffffff0000,18
92.171738266,USMsgTx,372,2,7401000000000000befeffffffffffff0000,18
92.915160936,USMsgTx,698,2,ba02000000000000bdfeffffffffffff0000,18
93.198008133,USMsgTx,948,2,b403000000000000bcfeffffffffffff0000,18
93.597089980,USMsgTx,46,2,2e00000000000000bbfeffffffffffff0000,18
93.965689219,USMsgTx,626,2,7202000000000000bafeffffffffffff0000,18
94.047820070,USMsgTx,888,2,7803000000000000b9feffffffffffff0000,18
94.658465843,USMsgTx,289,2,2101000000000000b8feffffffffffff0000,18
94.750583383,USMsgTx,420,2,a401000000000000b7feffffffffffff0000,18
94.757046389,USMsgTx,919,2,9703000000000000b6feffffffffffff0000,18
94.971233851,USMsgTx,999,2,e703000000000000b5feffffffffffff0000,18
95.250275454,USMsgTx,433,2,b101000000000000b4feffffffffffff0000,18
95.325278753,USMsgTx,929,2,a103000000000000b3feffffffffffff0000,18
95.582930157,USMsgTx,891,2,7b03000000000000b2feffffffffffff0000,18
95.676555950,USMsgTx,901,2,8503000000000000b1feffffffffffff0000,18
95.765209039,USMsgTx,78,2,4e00000000000000b0feffffffffffff0000,18
95.922202023,USMsgTx,861,2,5d03000000000000affeffffffffffff0000,18
95.926991024,USMsgTx,563,2,3302000000000000aefeffffffffffff0000,18
96.126532017,USMsgTx,686,2,ae02000000000000adfeffffffffffff0000,18
96.216997274,USMsgTx,33,2,2100000000000000acfeffffffffffff0000,18
97.199439214,USMsgTx,855,2,5703000000000000abfeffffffffffff0000,18
97.295359204,USMsgTx,896,2,8003000000000000aafeffffffffffff0000,18
99.056097702,USMsgTx,324,2,4401000000000000a9feffffffffffff0000,18
100.553492506,USMsgTx,274,2,1201000000000000a8feffffffffffff0000,18
100.573663767,USMsgTx,384,2,8001000000000000a7feffffffffffff0000,18
100.720951904,USMsgTx,246,2,f600000000000000a6feffffffffffff0000,18
100.844201020,USMsgTx,284,2,1c01000000000000a5feffffffffffff0000,18
100.891990024,USMsgTx,556,2,2c02000000000000a4feffffffffffff0000,18
101.172631733,USMsgTx,816,2,3003000000000000a3feffffffffffff0000,18
101.316566689,USMsgTx,331,2,4b01000000000000a2feffffffffffff0000,18
101.530796200,USMsgTx,606,2,5e02000000000000a1feffffffffffff0000,18
101.573952596,USMsgTx,879,2,6f03000000000000a0feffffffffffff0000,18
102.102834577,USMsgTx,258,2,02010000000000009ffeffffffffffff0000,18
102.464417534,USMsgTx,281,2,19010000000000009efeffffffffffff0000,18
102.539813944,USMsgTx,914,2,92030000000000009dfeffffffffffff0000,18
102.838895840,USMsgTx,752,2,f0020000000000009cfeffffffffffff0000,18
102.995179575,USMsgTx,822,2,36030000000000009bfeffffffffffff0000,18
103.112392604,USMsgTx,379,2,7b010000000000009afeffffffffffff0000,18
103.254160698,USMsgTx,800,2,200300000000000099feffffffffffff0000,18
103.535166111,USMsgTx,864,2,600300000000000098feffffffffffff0000,18
103.764194572,USMsgTx,978,2,d20300000000000097feffffffffffff0000,18
104.473367596,USMsgTx,43,2,2b0000000000000096feffffffffffff0000,18
105.763321951,USMsgTx,35,2,230000000000000095feffffffffffff0000,18
105.797007145,USMsgTx,682,2,aa0200000000000094feffffffffffff0000,18
105.997408611,USMsgTx,231,2,e70000000000000093feffffffffffff0000,18
106.059189457,USMsgTx,313,2,390100000000000092feffffffffffff0000,18
106.556734713,USMsgTx,445,2,bd0100000000000091feffffffffffff0000,18
107.016078885,USMsgTx,415,2,9f0100000000000090feffffffffffff0000,18
107.062478938,USMsgTx,76,2,4c000000000000008ffeffffffffffff0000,18
107.119021862,USMsgTx,488,2,e8010000000000008efeffffffffffff0000,18
107.376277501,USMsgTx,72,2,48000000000000008dfeffffffffffff0000,18
107.707984769,USMsgTx,180,2,b4000000000000008cfeffffffffffff0000,18
108.223982367,USMsgTx,937,2,a9030000000000008bfeffffffffffff0000,18
108.336344369,USMsgTx,467,2,d3010000000000008afeffffffffffff0000,18
108.479887401,USMsgTx,617,2,690200000000000089feffffffffffff0000,18
108.549030562,USMsgTx,65,2,410000000000000088feffffffffffff0000,18
108.575792443,USMsgTx,416,2,a00100000000000087feffffffffffff0000,18
109.348926936,USMsgTx,894,2,7e0300000000000086feffffffffffff0000,18
109.488341951,USMsgTx,976,2,d00300000000000085feffffffffffff0000,18
109.749424138,USMsgTx,114,2,720000000000000084feffffffffffff0000,18
110.186002920,USMsgTx,355,2,630100000000000083feffffffffffff0000,18
110.233466077,USMsgTx,701,2,bd0200000000000082feffffffffffff0000,18
110.420320501,USMsgTx,990,2,de0300000000000081feffffffffffff0000,18
110.617539358,USMsgTx,317,2,3d0100000000000080feffffffffffff0000,18
111.062070122,USMsgTx,148,2,94000000000000007ffeffffffffffff0000,18
111.246823202,USMsgTx,354,2,62010000000000007efeffffffffffff0000,18
111.355212391,USMsgTx,745,2,e9020000000000007dfeffffffffffff0000,18
111.464982080,USMsgTx,927,2,9f030000000000007cfeffffffffffff0000,18
111.491017879,USMsgTx,743,2,e7020000000000007bfeffffffffffff0000,18
111.788544862,USMsgTx,903,2,87030000000000007afeffffffffffff0000,18
112.002427083,USMsgTx,621,2,6d0200000000000079feffffffffffff0000,18
112.122518667,USMsgTx,383,2,7f0100000000000078feffffffffffff0000,18
112.150633737,USMsgTx,261,2,050100000000000077feffffffffffff0000,18
112.943227936,USMsgTx,836,2,440300000000000076feffffffffffff0000,18
113.034439252,USMsgTx,956,2,bc0300000000000075feffffffffffff0000,18
113.568935571,USMsgTx,781,2,0d0300000000000074feffffffffffff0000,18
113.799085950,USMsgTx,295,2,270100000000000073feffffffffffff0000,18
114.007988901,USMsgTx,958,2,be0300000000000072feffffffffffff0000,18
114.540974312,USMsgTx,585,2,490200000000000071feffffffffffff0000,18
114.645707455,USMsgTx,290,2,220100000000000070feffffffffffff0000,18
115.204207311,USMsgTx,377,2,79010000000000006ffeffffffffffff0000,18
115.416969849,USMsgTx,821,2,35030000000000006efeffffffffffff0000,18
115.658695077,USMsgTx,859,2,5b030000000000006dfeffffffffffff0000,18
115.873057092,USMsgTx,270,2,0e010000000000006cfeffffffffffff0000,18
115.908142274,USMsgTx,302,2,2e010000000000006bfeffffffffffff0000,18
116.142683652,USMsgTx,423,2,a7010000000000006afeffffffffffff0000,18
116.379159364,USMsgTx,244,2,f40000000000000069feffffffffffff0000,18
116.642102962,USMsgTx,286,2,1e0100000000000068feffffffffffff0000,18
117.688940693,USMsgTx,361,2,690100000000000067feffffffffffff0000,18
118.063649432,USMsgTx,248,2,f80000000000000066feffffffffffff0000,18
118.092274750,USMsgTx,828,2,3c0300000000000065feffffffffffff0000,18
118.118868504,USMsgTx,454,2,c60100000000000064feffffffffffff0000,18
118.180141477,USMsgTx,635,2,7b0200000000000063feffffffffffff0000,18
118.800545812,USMsgTx,24,2,180000000000000062feffffffffffff0000,18
119.280090930,USMsgTx,279,2,170100000000000061feffffffffffff0000,18
119.754211141,USMsgTx,610,2,620200000000000060feffffffffffff0000,18
119.761385072,USMsgTx,188,2,bc000000000000005ffeffffffffffff0000,18
120.018882319,USMsgTx,559,2,2f020000000000005efeffffffffffff0000,18
120.220660093,USMsgTx,87,2,57000000000000005dfeffffffffffff0000,18
120.417682325,USMsgTx,320,2,40010000000000005cfeffffffffffff0000,18
120.702188998,USMsgTx,451,2,c3010000000000005bfeffffffffffff0000,18
121.322473472,USMsgTx,60,2,3c000000000000005afeffffffffffff0000,18
121.402706660,USMsgTx,115,2,730000000000000059feffffffffffff0000,18
121.436843359,USMsgTx,967,2,c70300000000000058feffffffffffff0000,18
121.467719149,USMsgTx,265,2,090100000000000057feffffffffffff0000,18
122.352900763,USMsgTx,84,2,540000000000000056feffffffffffff0000,18
122.720239014,USMsgTx,480,2,e00100000000000055feffffffffffff0000,18
122.921335270,USMsgTx,127,2,7f0000000000000054feffffffffffff0000,18
123.191675479,USMsgTx,224,2,e00000000000000053feffffffffffff0000,18
123.291866887,USMsgTx,516,2,040200000000000052feffffffffffff0000,18
123.389207889,USMsgTx,7,2,070000000000000051feffffffffffff0000,18
123.608679792,USMsgTx,56,2,380000000000000050feffffffffffff0000,18
124.022225522,USMsgTx,757,2,f5020000000000004ffeffffffffffff0000,18
124.327706862,USMsgTx,884,2,74030000000000004efeffffffffffff0000,18
124.552945864,USMsgTx,277,2,15010000000000004dfeffffffffffff0000,18
124.556233526,USMsgTx,553,2,29020000000000004cfeffffffffffff0000,18
124.735854786,USMsgTx,80,2,50000000000000004bfeffffffffffff0000,18
125.683050961,USMsgTx,381,2,7d010000000000004afeffffffffffff0000,18
127.054787200,USMsgTx,86,2,560000000000000049feffffffffffff0000,18
127.206976306,USMsgTx,939,2,ab0300000000000048feffffffffffff0000,18
127.239963776,USMsgTx,657,2,910200000000000047feffffffffffff0000,18
127.770269144,USMsgTx,195,2,c30000000000000046feffffffffffff0000,18
128.144339042,USMsgTx,301,2,2d0100000000000045feffffffffffff0000,18
128.783481471,USMsgTx,263,2,070100000000000044feffffffffffff0000,18
129.075175907,USMsgTx,99,2,630000000000000043feffffffffffff0000,18
129.242307502,USMsgTx,630,2,760200000000000042feffffffffffff0000,18
129.391959196,USMsgTx,486,2,e60100000000000041feffffffffffff0000,18
129.694924847,USMsgTx,726,2,d60200000000000040feffffffffffff0000,18
130.029486642,USMsgTx,627,2,73020000000000003ffeffffffffffff0000,18
130.256385401,USMsgTx,670,2,9e020000000000003efeffffffffffff0000,18
130.260482405,USMsgTx,129,2,81000000000000003dfeffffffffffff0000,18
131.241639749,USMsgTx,941,2,ad030000000000003cfeffffffffffff0000,18
131.267543394,USMsgTx,490,2,ea010000000000003bfeffffffffffff0000,18
131.293784060,USMsgTx,219,2,db000000000000003afeffffffffffff0000,18
131.781021950,USMsgTx,736,2,e00200000000000039feffffffffffff0000,18
132.754227382,USMsgTx,833,2,410300000000000038feffffffffffff0000,18
132.771990521,USMsgTx,120,2,780000000000000037feffffffffffff0000,18
132.868840903,USMsgTx,713,2,c90200000000000036feffffffffffff0000,18
133.014857644,USMsgTx,985,2,d90300000000000035feffffffffffff0000,18
133.037090574,USMsgTx,50,2,320000000000000034feffffffffffff0000,18
133.089861013,USMsgTx,722,2,d20200000000000033feffffffffffff0000,18
133.328909131,USMsgTx,18,2,120000000000000032feffffffffffff0000,18
133.862537644,USMsgTx,848,2,500300000000000031feffffffffffff0000,18
133.962528515,USMsgTx,40,2,280000000000000030feffffffffffff0000,18
133.966921750,USMsgTx,121,2,79000000000000002ffeffffffffffff0000,18
134.743230819,USMsgTx,979,2,d3030000000000002efeffffffffffff0000,18
135.285351038,USMsgTx,871,2,67030000000000002dfeffffffffffff0000,18
135.483193090,USMsgTx,136,2,88000000000000002cfeffffffffffff0000,18
135.622377253,USMsgTx,824,2,38030000000000002bfeffffffffffff0000,18
135.836116702,USMsgTx,968,2,c8030000000000002afeffffffffffff0000,18
135.874266308,USMsgTx,818,2,320300000000000029feffffffffffff0000,18
136.211976905,USMsgTx,975,2,cf0300000000000028feffffffffffff0000,18
136.578137778,USMsgTx,472,2,d80100000000000027feffffffffffff0000,18
137.352410184,USMsgTx,226,2,e20000000000000026feffffffffffff0000,18
137.506941403,USMsgTx,659,2,930200000000000025feffffffffffff0000,18
137.560615831,USMsgTx,353,2,610100000000000024feffffffffffff0000,18
137.760294567,USMsgTx,932,2,a40300000000000023feffffffffffff0000,18
138.560291314,USMsgTx,544,2,200200000000000022feffffffffffff0000,18
138.701931235,USMsgTx,218,2,da0000000000000021feffffffffffff0000,18
138.703889178,USMsgTx,312,2,380100000000000020feffffffffffff0000,18
138.996529302,USMsgTx,611,2,63020000000000001ffeffffffffffff0000,18
139.155451311,USMsgTx,760,2,f8020000000000001efeffffffffffff0000,18
139.515452883,USMsgTx,949,2,b5030000000000001dfeffffffffffff0000,18
139.571420320,USMsgTx,174,2,ae000000000000001cfeffffffffffff0000,18
140.018028049,USMsgTx,142,2,8e000000000000001bfeffffffffffff0000,18
140.228133943,USMsgTx,520,2,08020000000000001afeffffffffffff0000,18
140.690570828,USMsgTx,476,2,dc0100000000000019feffffffffffff0000,18
141.100958746,USMsgTx,734,2,de0200000000000018feffffffffffff0000,18
141.192717470,USMsgTx,813,2,2d0300000000000017feffffffffffff0000,18
141.752638617,USMsgTx,414,2,9e0100000000000016feffffffffffff0000,18
141.933011385,USMsgTx,931,2,a30300000000000015feffffffffffff0000,18
141.986254354,USMsgTx,827,2,3b0300000000000014feffffffffffff0000,18
142.166592057,USMsgTx,122,2,7a0000000000000013feffffffffffff0000,18
142.239323581,USMsgTx,723,2,d30200000000000012feffffffffffff0000,18
142.348828680,USMsgTx,880,2,700300000000000011feffffffffffff0000,18
142.353368319,USMsgTx,178,2,b20000000000000010feffffffffffff0000,18
142.831157010,USMsgTx,862,2,5e030000000000000ffeffffffffffff0000,18
143.072750991,USMsgTx,484,2,e4010000000000000efeffffffffffff0000,18
143.861236521,USMsgTx,389,2,85010000000000000dfeffffffffffff0000,18
145.314132078,USMsgTx,667,2,9b020000000000000cfeffffffffffff0000,18
145.490783700,USMsgTx,991,2,df030000000000000bfeffffffffffff0000,18
146.166494279,USMsgTx,186,2,ba000000000000000afeffffffffffff0000,18
146.453838996,USMsgTx,708,2,c40200000000000009feffffffffffff0000,18
146.572363443,USMsgTx,603,2,5b0200000000000008feffffffffffff0000,18
146.645677160,USMsgTx,249,2,f90000000000000007feffffffffffff0000,18
146.763065160,USMsgTx,599,2,570200000000000006feffffffffffff0000,18
146.959423126,USMsgTx,432,2,b00100000000000005feffffffffffff0000,18
146.974218234,USMsgTx,988,2,dc0300000000000004feffffffffffff0000,18
147.151208693,USMsgTx,250,2,fa0000000000000003feffffffffffff0000,18
147.773079931,USMsgTx,118,2,760000000000000002feffffffffffff0000,18
147.840950649,USMsgTx,890,2,7a0300000000000001feffffffffffff0000,18
148.418657218,USMsgTx,620,2,6c0200000000000000feffffffffffff0000,18
148.709350505,USMsgTx,155,2,9b00000000000000fffdffffffffffff0000,18
148.722025131,USMsgTx,421,2,a501000000000000fefdffffffffffff0000,18
148.743744319,USMsgTx,425,2,a901000000000000fdfdffffffffffff0000,18
148.937709182,USMsgTx,966,2,c603000000000000fcfdffffffffffff0000,18
148.999246743,USMsgTx,511,2,ff01000000000000fbfdffffffffffff0000,18
149.090982557,USMsgTx,847,2,4f03000000000000fafdffffffffffff0000,18
149.734619712,USMsgTx,992,2,e003000000000000f9fdffffffffffff0000,18
149.951815858,USMsgTx,278,2,1601000000000000f8fdffffffffffff0000,18
151.019181919,USMsgTx,678,2,a602000000000000f7fdffffffffffff0000,18
151.144214774,USMsgTx,64,2,4000000000000000f6fdffffffffffff0000,18
151.376092663,USMsgTx,108,2,6c00000000000000f5fdffffffffffff0000,18
151.520344385,USMsgTx,959,2,bf03000000000000f4fdffffffffffff0000,18
151.697530423,USMsgTx,524,2,0c02000000000000f3fdffffffffffff0000,18
151.883061903,USMsgTx,527,2,0f02000000000000f2fdffffffffffff0000,18
152.097251321,USMsgTx,602,2,5a02000000000000f1fdffffffffffff0000,18
152.263437577,USMsgTx,954,2,ba03000000000000f0fdffffffffffff0000,18
152.353751191,USMsgTx,685,2,ad02000000000000effdffffffffffff0000,18
152.541365015,USMsgTx,899,2,8303000000000000eefdffffffffffff0000,18
152.704261723,USMsgTx,672,2,a002000000000000edfdffffffffffff0000,18
152.832380726,USMsgTx,693,2,b502000000000000ecfdffffffffffff0000,18
152.845116330,USMsgTx,34,2,2200000000000000ebfdffffffffffff0000,18
153.545657600,USMsgTx,857,2,5903000000000000eafdffffffffffff0000,18
153.625494813,USMsgTx,165,2,a500000000000000e9fdffffffffffff0000,18
153.630288493,USMsgTx,982,2,d603000000000000e8fdffffffffffff0000,18
153.739721020,USMsgTx,230,2,e600000000000000e7fdffffffffffff0000,18
153.776842934,USMsgTx,296,2,2801000000000000e6fdffffffffffff0000,18
154.332005814,USMsgTx,272,2,1001000000000000e5fdffffffffffff0000,18
154.557702468,USMsgTx,977,2,d103000000000000e4fdffffffffffff0000,18
154.662484226,USMsgTx,434,2,b201000000000000e3fdffffffffffff0000,18
155.088075240,USMsgTx,791,2,1703000000000000e2fdffffffffffff0000,18
155.354189503,USMsgTx,164,2,a400000000000000e1fdffffffffffff0000,18
155.715402259,USMsgTx,615,2,6702000000000000e0fdffffffffffff0000,18
155.731312649,USMsgTx,940,2,ac03000000000000dffdffffffffffff0000,18
156.479046411,USMsgTx,597,2,5502000000000000defdffffffffffff0000,18
156.539288829,USMsgTx,702,2,be02000000000000ddfdffffffffffff0000,18
156.578120791,USMsgTx,1,2,0100000000000000dcfdffffffffffff0000,18
156.600280309,USMsgTx,77,2,4d00000000000000dbfdffffffffffff0000,18
156.611948198,USMsgTx,444,2,bc01000000000000dafdffffffffffff0000,18
156.640430256,USMsgTx,675,2,a302000000000000d9fdffffffffffff0000,18
156.930613434,USMsgTx,227,2,e300000000000000d8fdffffffffffff0000,18
157.435894279,USMsgTx,542,2,1e02000000000000d7fdffffffffffff0000,18
158.150908093,USMsgTx,183,2,b700000000000000d6fdffffffffffff0000,18
158.174418704,USMsgTx,344,2,5801000000000000d5fdffffffffffff0000,18
158.647212129,USMsgTx,744,2,e802000000000000d4fdffffffffffff0000,18
159.167849320,USMsgTx,595,2,5302000000000000d3fdffffffffffff0000,18
159.423849768,USMsgTx,970,2,ca03000000000000d2fdffffffffffff0000,18
159.533260781,USMsgTx,438,2,b601000000000000d1fdffffffffffff0000,18
159.590381359,USMsgTx,905,2,8903000000000000d0fdffffffffffff0000,18
160.024522753,USMsgTx,96,2,6000000000000000cffdffffffffffff0000,18
160.036569574,USMsgTx,345,2,5901000000000000cefdffffffffffff0000,18
160.172412711,USMsgTx,41,2,2900000000000000cdfdffffffffffff0000,18
160.809935687,USMsgTx,466,2,d201000000000000ccfdffffffffffff0000,18
160.896832069,USMsgTx,350,2,5e01000000000000cbfdffffffffffff0000,18
161.213670189,USMsgTx,908,2,8c03000000000000cafdffffffffffff0000,18
161.429151188,USMsgTx,926,2,9e03000000000000c9fdffffffffffff0000,18
161.586826250,USMsgTx,946,2,b203000000000000c8fdffffffffffff0000,18
161.650554841,USMsgTx,565,2,3502000000000000c7fdffffffffffff0000,18
162.084179561,USMsgTx,945,2,b103000000000000c6fdffffffffffff0000,18
162.662622480,USMsgTx,673,2,a102000000000000c5fdffffffffffff0000,18
162.696286440,USMsgTx,787,2,1303000000000000c4fdffffffffffff0000,18
162.891132799,USMsgTx,676,2,a402000000000000c3fdffffffffffff0000,18
163.733144117,USMsgTx,441,2,b901000000000000c2fdffffffffffff0000,18
164.216925589,USMsgTx,251,2,fb00000000000000c1fdffffffffffff0000,18
164.307043206,USMsgTx,273,2,1101000000000000c0fdffffffffffff0000,18
164.377082532,USMsgTx,587,2,4b02000000000000bffdffffffffffff0000,18
164.762933196,USMsgTx,401,2,9101000000000000befdffffffffffff0000,18
164.769914064,USMsgTx,132,2,8400000000000000bdfdffffffffffff0000,18
164.774643274,USMsgTx,805,2,2503000000000000bcfdffffffffffff0000,18
165.183718935,USMsgTx,314,2,3a01000000000000bbfdffffffffffff0000,18
165.413176479,USMsgTx,340,2,5401000000000000bafdffffffffffff0000,18
165.462630478,USMsgTx,439,2,b701000000000000b9fdffffffffffff0000,18
165.556620675,USMsgTx,327,2,4701000000000000b8fdffffffffffff0000,18
165.901120893,USMsgTx,88,2,5800000000000000b7fdffffffffffff0000,18
166.698840626,USMsgTx,393,2,8901000000000000b6fdffffffffffff0000,18
167.323284829,USMsgTx,504,2,f801000000000000b5fdffffffffffff0000,18
168.343021770,USMsgTx,187,2,bb00000000000000b4fdffffffffffff0000,18
168.452843008,USMsgTx,961,2,c103000000000000b3fdffffffffffff0000,18
168.458687709,USMsgTx,514,2,0202000000000000b2fdffffffffffff0000,18
168.707970201,USMsgTx,430,2,ae01000000000000b1fdffffffffffff0000,18
170.337833727,USMsgTx,75,2,4b00000000000000b0fdffffffffffff0000,18
170.368308582,USMsgTx,906,2,8a03000000000000affdffffffffffff0000,18
170.447985560,USMsgTx,573,2,3d02000000000000aefdffffffffffff0000,18
170.561971067,USMsgTx,998,2,e603000000000000adfdffffffffffff0000,18
170.787468790,USMsgTx,32,2,2000000000000000acfdffffffffffff0000,18
170.928950364,USMsgTx,82,2,5200000000000000abfdffffffffffff0000,18
171.624384680,USMsgTx,739,2,e302000000000000aafdffffffffffff0000,18
171.673508293,USMsgTx,770,2,0203000000000000a9fdffffffffffff0000,18
172.277006538,USMsgTx,210,2,d200000000000000a8fdffffffffffff0000,18
172.411848875,USMsgTx,768,2,0003000000000000a7fdffffffffffff0000,18
172.615055624,USMsgTx,298,2,2a01000000000000a6fdffffffffffff0000,18
172.693747798,USMsgTx,232,2,e800000000000000a5fdffffffffffff0000,18
172.778304023,USMsgTx,815,2,2f03000000000000a4fdffffffffffff0000,18
173.053834795,USMsgTx,204,2,cc00000000000000a3fdffffffffffff0000,18
173.136295823,USMsgTx,116,2,7400000000000000a2fdffffffffffff0000,18
173.658754262,USMsgTx,110,2,6e00000000000000a1fdffffffffffff0000,18
173.728491769,USMsgTx,551,2,2702000000000000a0fdffffffffffff0000,18
173.887523791,USMsgTx,679,2,a7020000000000009ffdffffffffffff0000,18
174.164916324,USMsgTx,709,2,c5020000000000009efdffffffffffff0000,18
174.431328634,USMsgTx,608,2,60020000000000009dfdffffffffffff0000,18
174.658543879,USMsgTx,876,2,6c030000000000009cfdffffffffffff0000,18
174.910355331,USMsgTx,530,2,12020000000000009bfdffffffffffff0000,18
175.545208182,USMsgTx,470,2,d6010000000000009afdffffffffffff0000,18
175.586312129,USMsgTx,867,2,630300000000000099fdffffffffffff0000,18
176.570944191,USMsgTx,654,2,8e0200000000000098fdffffffffffff0000,18
176.889310472,USMsgTx,399,2,8f0100000000000097fdffffffffffff0000,18
176.956757695,USMsgTx,639,2,7f0200000000000096fdffffffffffff0000,18
177.359162548,USMsgTx,886,2,760300000000000095fdffffffffffff0000,18
177.395705552,USMsgTx,687,2,af0200000000000094fdffffffffffff0000,18
177.497395085,USMsgTx,69,2,450000000000000093fdffffffffffff0000,18
178.617883416,USMsgTx,849,2,510300000000000092fdffffffffffff0000,18
178.681822462,USMsgTx,8,2,080000000000000091fdffffffffffff0000,18
179.011820870,USMsgTx,638,2,7e0200000000000090fdffffffffffff0000,18
179.068459837,USMsgTx,965,2,c5030000000000008ffdffffffffffff0000,18
179.274837041,USMsgTx,157,2,9d000000000000008efdffffffffffff0000,18
179.373331672,USMsgTx,73,2,49000000000000008dfdffffffffffff0000,18
179.860872149,USMsgTx,169,2,a9000000000000008cfdffffffffffff0000,18
180.116199949,USMsgTx,605,2,5d020000000000008bfdffffffffffff0000,18
180.135329339,USMsgTx,492,2,ec010000000000008afdffffffffffff0000,18
180.157444223,USMsgTx,844,2,4c0300000000000089fdffffffffffff0000,18
180.207173848,USMsgTx,987,2,db0300000000000088fdffffffffffff0000,18
180.761317209,USMsgTx,380,2,7c0100000000000087fdffffffffffff0000,18
181.189354482,USMsgTx,997,2,e50300000000000086fdffffffffffff0000,18
181.206718923,USMsgTx,980,2,d40300000000000085fdffffffffffff0000,18
181.501450820,USMsgTx,594,2,520200000000000084fdffffffffffff0000,18
182.259040793,USMsgTx,27,2,1b0000000000000083fdffffffffffff0000,18
182.743184154,USMsgTx,267,2,0b0100000000000082fdffffffffffff0000,18
183.588524834,USMsgTx,538,2,1a0200000000000081fdffffffffffff0000,18
183.944714525,USMsgTx,5,2,050000000000000080fdffffffffffff0000,18
184.362520288,USMsgTx,798,2,1e030000000000007ffdffffffffffff0000,18
185.621399923,USMsgTx,777,2,09030000000000007efdffffffffffff0000,18
185.679962956,USMsgTx,663,2,97020000000000007dfdffffffffffff0000,18
185.726883176,USMsgTx,247,2,f7000000000000007cfdffffffffffff0000,18
185.789743821,USMsgTx,489,2,e9010000000000007bfdffffffffffff0000,18
186.245984802,USMsgTx,854,2,56030000000000007afdffffffffffff0000,18
186.268933267,USMsgTx,749,2,ed0200000000000079fdffffffffffff0000,18
186.342652458,USMsgTx,201,2,c90000000000000078fdffffffffffff0000,18
186.628104122,USMsgTx,700,2,bc0200000000000077fdffffffffffff0000,18
187.149506650,USMsgTx,523,2,0b0200000000000076fdffffffffffff0000,18
187.386178988,USMsgTx,652,2,8c0200000000000075fdffffffffffff0000,18
187.389667047,USMsgTx,649,2,890200000000000074fdffffffffffff0000,18
187.676126006,USMsgTx,318,2,3e0100000000000073fdffffffffffff0000,18
187.878500153,USMsgTx,522,2,0a0200000000000072fdffffffffffff0000,18
187.883909693,USMsgTx,934,2,a60300000000000071fdffffffffffff0000,18
188.515258000,USMsgTx,912,2,900300000000000070fdffffffffffff0000,18
188.883703012,USMsgTx,892,2,7c030000000000006ffdffffffffffff0000,18
189.088353335,USMsgTx,111,2,6f000000000000006efdffffffffffff0000,18
190.358877041,USMsgTx,333,2,4d010000000000006dfdffffffffffff0000,18
190.840113068,USMsgTx,509,2,fd010000000000006cfdffffffffffff0000,18
190.932900252,USMsgTx,365,2,6d010000000000006bfdffffffffffff0000,18
191.338663454,USMsgTx,66,2,42000000000000006afdffffffffffff0000,18
191.454806603,USMsgTx,395,2,8b0100000000000069fdffffffffffff0000,18
191.943042148,USMsgTx,443,2,bb0100000000000068fdffffffffffff0000,18
192.168318240,USMsgTx,604,2,5c0200000000000067fdffffffffffff0000,18
192.378422248,USMsgTx,776,2,080300000000000066fdffffffffffff0000,18
192.637449612,USMsgTx,569,2,390200000000000065fdffffffffffff0000,18
192.757720428,USMsgTx,291,2,230100000000000064fdffffffffffff0000,18
192.922941019,USMsgTx,498,2,f20100000000000063fdffffffffffff0000,18
192.987848664,USMsgTx,453,2,c50100000000000062fdffffffffffff0000,18
193.626527715,USMsgTx,457,2,c90100000000000061fdffffffffffff0000,18
193.774759235,USMsgTx,593,2,510200000000000060fdffffffffffff0000,18
194.328424618,USMsgTx,241,2,f1000000000000005ffdffffffffffff0000,18
194.340722268,USMsgTx,579,2,43020000000000005efdffffffffffff0000,18
194.447712587,USMsgTx,897,2,81030000000000005dfdffffffffffff0000,18
194.596556824,USMsgTx,680,2,a8020000000000005cfdffffffffffff0000,18
194.879373217,USMsgTx,71,2,47000000000000005bfdffffffffffff0000,18
195.487758182,USMsgTx,363,2,6b010000000000005afdffffffffffff0000,18
195.818501252,USMsgTx,995,2,e30300000000000059fdffffffffffff0000,18
196.172579332,USMsgTx,740,2,e40200000000000058fdffffffffffff0000,18
196.323886661,USMsgTx,158,2,9e0000000000000057fdffffffffffff0000,18
196.715426332,USMsgTx,225,2,e10000000000000056fdffffffffffff0000,18
196.824419926,USMsgTx,609,2,610200000000000055fdffffffffffff0000,18
197.324708789,USMsgTx,482,2,e20100000000000054fdffffffffffff0000,18
197.416672800,USMsgTx,330,2,4a0100000000000053fdffffffffffff0000,18
197.648203538,USMsgTx,737,2,e10200000000000052fdffffffffffff0000,18
198.278134325,USMsgTx,390,2,860100000000000051fdffffffffffff0000,18
198.351397890,USMsgTx,733,2,dd0200000000000050fdffffffffffff0000,18
198.409945417,USMsgTx,601,2,59020000000000004ffdffffffffffff0000,18
198.784639627,USMsgTx,131,2,83000000000000004efdffffffffffff0000,18
198.806913278,USMsgTx,772,2,04030000000000004dfdffffffffffff0000,18
198.891830553,USMsgTx,778,2,0a030000000000004cfdffffffffffff0000,18
199.097022486,USMsgTx,922,2,9a030000000000004bfdffffffffffff0000,18
199.295944407,USMsgTx,336,2,50010000000000004afdffffffffffff0000,18
199.405556096,USMsgTx,819,2,330300000000000049fdffffffffffff0000,18
200.013215258,USMsgTx,747,2,eb0200000000000048fdffffffffffff0000,18
200.086426436,USMsgTx,656,2,900200000000000047fdffffffffffff0000,18
200.125000026,USMsgTx,512,2,000200000000000046fdffffffffffff0000,18
200.208642902,USMsgTx,571,2,3b0200000000000045fdffffffffffff0000,18
200.257888472,USMsgTx,123,2,7b0000000000000044fdffffffffffff0000,18
201.284353287,USMsgTx,259,2,030100000000000043fdffffffffffff0000,18
201.662475067,USMsgTx,206,2,ce0000000000000042fdffffffffffff0000,18
201.886443093,USMsgTx,469,2,d50100000000000041fdffffffffffff0000,18
202.016933755,USMsgTx,459,2,cb0100000000000040fdffffffffffff0000,18
202.263589499,USMsgTx,461,2,cd010000000000003ffdffffffffffff0000,18
202.291542588,USMsgTx,367,2,6f010000000000003efdffffffffffff0000,18
202.688177269,USMsgTx,554,2,2a020000000000003dfdffffffffffff0000,18
203.273812001,USMsgTx,245,2,f5000000000000003cfdffffffffffff0000,18
203.580552582,USMsgTx,645,2,85020000000000003bfdffffffffffff0000,18
203.893930863,USMsgTx,598,2,56020000000000003afdffffffffffff0000,18
204.369171664,USMsgTx,394,2,8a0100000000000039fdffffffffffff0000,18
204.721918907,USMsgTx,619,2,6b0200000000000038fdffffffffffff0000,18
206.378516095,USMsgTx,191,2,bf0000000000000037fdffffffffffff0000,18
206.384116813,USMsgTx,983,2,d70300000000000036fdffffffffffff0000,18
206.432388755,USMsgTx,564,2,340200000000000035fdffffffffffff0000,18
206.722591700,USMsgTx,624,2,700200000000000034fdffffffffffff0000,18
206.773982478,USMsgTx,669,2,9d0200000000000033fdffffffffffff0000,18
207.272574145,USMsgTx,240,2,f00000000000000032fdffffffffffff0000,18
207.376287070,USMsgTx,540,2,1c0200000000000031fdffffffffffff0000,18
207.782396445,USMsgTx,252,2,fc0000000000000030fdffffffffffff0000,18
208.107841733,USMsgTx,133,2,85000000000000002ffdffffffffffff0000,18
208.307966666,USMsgTx,648,2,88020000000000002efdffffffffffff0000,18
208.425556391,USMsgTx,485,2,e5010000000000002dfdffffffffffff0000,18
209.302850774,USMsgTx,145,2,91000000000000002cfdffffffffffff0000,18
209.678847951,USMsgTx,500,2,f4010000000000002bfdffffffffffff0000,18
210.228633491,USMsgTx,852,2,54030000000000002afdffffffffffff0000,18
210.239390127,USMsgTx,933,2,a50300000000000029fdffffffffffff0000,18
210.340175393,USMsgTx,276,2,140100000000000028fdffffffffffff0000,18
210.455276531,USMsgTx,721,2,d10200000000000027fdffffffffffff0000,18
210.832534626,USMsgTx,97,2,610000000000000026fdffffffffffff0000,18
211.028401063,USMsgTx,996,2,e40300000000000025fdffffffffffff0000,18
211.482849155,USMsgTx,499,2,f30100000000000024fdffffffffffff0000,18
211.538795917,USMsgTx,596,2,540200000000000023fdffffffffffff0000,18
212.056303584,USMsgTx,832,2,400300000000000022fdffffffffffff0000,18
212.734821962,USMsgTx,293,2,250100000000000021fdffffffffffff0000,18
212.836214357,USMsgTx,636,2,7c0200000000000020fdffffffffffff0000,18
213.316064367,USMsgTx,496,2,f0010000000000001ffdffffffffffff0000,18
213.366834744,USMsgTx,728,2,d8020000000000001efdffffffffffff0000,18
213.380426560,USMsgTx,738,2,e2020000000000001dfdffffffffffff0000,18
213.456074637,USMsgTx,637,2,7d020000000000001cfdffffffffffff0000,18
214.341349569,USMsgTx,455,2,c7010000000000001bfdffffffffffff0000,18
214.475991928,USMsgTx,213,2,d5000000000000001afdffffffffffff0000,18
214.779988903,USMsgTx,154,2,9a0000000000000019fdffffffffffff0000,18
215.415829212,USMsgTx,790,2,160300000000000018fdffffffffffff0000,18
215.474318903,USMsgTx,993,2,e10300000000000017fdffffffffffff0000,18
216.381683644,USMsgTx,106,2,6a0000000000000016fdffffffffffff0000,18
216.947964491,USMsgTx,873,2,690300000000000015fdffffffffffff0000,18
217.440986802,USMsgTx,332,2,4c0100000000000014fdffffffffffff0000,18
217.494691754,USMsgTx,351,2,5f0100000000000013fdffffffffffff0000,18
217.925199942,USMsgTx,117,2,750000000000000012fdffffffffffff0000,18
217.939324218,USMsgTx,428,2,ac0100000000000011fdffffffffffff0000,18
218.780276204,USMsgTx,236,2,ec0000000000000010fdffffffffffff0000,18
219.169625473,USMsgTx,308,2,34010000000000000ffdffffffffffff0000,18
219.341410981,USMsgTx,792,2,18030000000000000efdffffffffffff0000,18
219.712676084,USMsgTx,925,2,9d030000000000000dfdffffffffffff0000,18
219.737997326,USMsgTx,29,2,1d000000000000000cfdffffffffffff0000,18
220.624200834,USMsgTx,668,2,9c020000000000000bfdffffffffffff0000,18
220.691810386,USMsgTx,152,2,98000000000000000afdffffffffffff0000,18
220.775444670,USMsgTx,4,2,040000000000000009fdffffffffffff0000,18
221.146317221,USMsgTx,364,2,6c0100000000000008fdffffffffffff0000,18
221.389888075,USMsgTx,256,2,000100000000000007fdffffffffffff0000,18
222.511207052,USMsgTx,742,2,e60200000000000006fdffffffffffff0000,18
222.607430886,USMsgTx,537,2,190200000000000005fdffffffffffff0000,18
222.629137431,USMsgTx,501,2,f50100000000000004fdffffffffffff0000,18
223.022541517,USMsgTx,386,2,820100000000000003fdffffffffffff0000,18
223.666530014,USMsgTx,920,2,980300000000000002fdffffffffffff0000,18
224.014199710,USMsgTx,477,2,dd0100000000000001fdffffffffffff0000,18
224.206438738,USMsgTx,720,2,d00200000000000000fdffffffffffff0000,18
224.841613524,USMsgTx,409,2,9901000000000000fffcffffffffffff0000,18
226.154513061,USMsgTx,113,2,7100000000000000fefcffffffffffff0000,18
226.561078970,USMsgTx,212,2,d400000000000000fdfcffffffffffff0000,18
226.676020992,USMsgTx,557,2,2d02000000000000fcfcffffffffffff0000,18
226.873281758,USMsgTx,417,2,a101000000000000fbfcffffffffffff0000,18
227.407692023,USMsgTx,618,2,6a02000000000000fafcffffffffffff0000,18
227.820112343,USMsgTx,971,2,cb03000000000000f9fcffffffffffff0000,18
228.559295446,USMsgTx,567,2,3702000000000000f8fcffffffffffff0000,18
228.583755797,USMsgTx,769,2,0103000000000000f7fcffffffffffff0000,18
228.820242265,USMsgTx,322,2,4201000000000000f6fcffffffffffff0000,18
228.905326829,USMsgTx,957,2,bd03000000000000f5fcffffffffffff0000,18
228.910510547,USMsgTx,63,2,3f00000000000000f4fcffffffffffff0000,18
229.234185298,USMsgTx,306,2,3201000000000000f3fcffffffffffff0000,18
229.703242629,USMsgTx,321,2,4101000000000000f2fcffffffffffff0000,18
229.946243373,USMsgTx,541,2,1d02000000000000f1fcffffffffffff0000,18
230.126566478,USMsgTx,545,2,2102000000000000f0fcffffffffffff0000,18
230.148016608,USMsgTx,405,2,9501000000000000effcffffffffffff0000,18
230.303507275,USMsgTx,264,2,0801000000000000eefcffffffffffff0000,18
230.372981661,USMsgTx,973,2,cd03000000000000edfcffffffffffff0000,18
231.390132226,USMsgTx,45,2,2d00000000000000ecfcffffffffffff0000,18
231.705800582,USMsgTx,711,2,c702000000000000ebfcffffffffffff0000,18
232.665584002,USMsgTx,150,2,9600000000000000eafcffffffffffff0000,18
233.270115037,USMsgTx,727,2,d702000000000000e9fcffffffffffff0000,18
233.370439158,USMsgTx,342,2,5601000000000000e8fcffffffffffff0000,18
233.497837667,USMsgTx,310,2,3601000000000000e7fcffffffffffff0000,18
233.676312212,USMsgTx,586,2,4a02000000000000e6fcffffffffffff0000,18
234.174892634,USMsgTx,703,2,bf02000000000000e5fcffffffffffff0000,18
234.688187347,USMsgTx,458,2,ca01000000000000e4fcffffffffffff0000,18
234.764598596,USMsgTx,535,2,1702000000000000e3fcffffffffffff0000,18
234.793379119,USMsgTx,754,2,f202000000000000e2fcffffffffffff0000,18
235.483454535,USMsgTx,548,2,2402000000000000e1fcffffffffffff0000,18
235.643092988,USMsgTx,316,2,3c01000000000000e0fcffffffffffff0000,18
235.647376979,USMsgTx,9,2,0900000000000000dffcffffffffffff0000,18
235.647862780,USMsgTx,61,2,3d00000000000000defcffffffffffff0000,18
235.828056594,USMsgTx,374,2,7601000000000000ddfcffffffffffff0000,18
236.869995591,USMsgTx,634,2,7a02000000000000dcfcffffffffffff0000,18
236.884716728,USMsgTx,31,2,1f00000000000000dbfcffffffffffff0000,18
236.971597324,USMsgTx,373,2,7501000000000000dafcffffffffffff0000,18
237.072097955,USMsgTx,59,2,3b00000000000000d9fcffffffffffff0000,18
237.160745665,USMsgTx,646,2,8602000000000000d8fcffffffffffff0000,18
237.189604559,USMsgTx,921,2,9903000000000000d7fcffffffffffff0000,18
237.825930669,USMsgTx,607,2,5f02000000000000d6fcffffffffffff0000,18
238.159275622,USMsgTx,974,2,ce03000000000000d5fcffffffffffff0000,18
238.752788156,USMsgTx,883,2,7303000000000000d4fcffffffffffff0000,18
239.023334769,USMsgTx,378,2,7a01000000000000d3fcffffffffffff0000,18
239.215827420,USMsgTx,2,2,0200000000000000d2fcffffffffffff0000,18
239.328126767,USMsgTx,796,2,1c03000000000000d1fcffffffffffff0000,18
239.351616563,USMsgTx,68,2,4400000000000000d0fcffffffffffff0000,18
239.493721750,USMsgTx,38,2,2600000000000000cffcffffffffffff0000,18
239.624957493,USMsgTx,612,2,6402000000000000cefcffffffffffff0000,18
239.674516406,USMsgTx,424,2,a801000000000000cdfcffffffffffff0000,18
240.009667729,USMsgTx,655,2,8f02000000000000ccfcffffffffffff0000,18
240.199508415,USMsgTx,704,2,c002000000000000cbfcffffffffffff0000,18
240.592933665,USMsgTx,841,2,4903000000000000cafcffffffffffff0000,18
240.657639307,USMsgTx,392,2,8801000000000000c9fcffffffffffff0000,18
240.669014807,USMsgTx,631,2,7702000000000000c8fcffffffffffff0000,18
241.679111232,USMsgTx,809,2,2903000000000000c7fcffffffffffff0000,18
241.898841717,USMsgTx,513,2,0102000000000000c6fcffffffffffff0000,18
242.010805578,USMsgTx,767,2,ff02000000000000c5fcffffffffffff0000,18
242.582931196,USMsgTx,947,2,b303000000000000c4fcffffffffffff0000,18
243.473863844,USMsgTx,570,2,3a02000000000000c3fcffffffffffff0000,18
243.498583544,USMsgTx,23,2,1700000000000000c2fcffffffffffff0000,18
243.691912919,USMsgTx,526,2,0e02000000000000c1fcffffffffffff0000,18
244.265189512,USMsgTx,368,2,7001000000000000c0fcffffffffffff0000,18
244.346571160,USMsgTx,515,2,0302000000000000bffcffffffffffff0000,18
245.459081734,USMsgTx,529,2,1102000000000000befcffffffffffff0000,18
245.718417412,USMsgTx,177,2,b100000000000000bdfcffffffffffff0000,18
245.851776780,USMsgTx,684,2,ac02000000000000bcfcffffffffffff0000,18
245.918858202,USMsgTx,198,2,c600000000000000bbfcffffffffffff0000,18
246.291254304,USMsgTx,319,2,3f01000000000000bafcffffffffffff0000,18
246.415295022,USMsgTx,706,2,c202000000000000b9fcffffffffffff0000,18
246.844612770,USMsgTx,984,2,d803000000000000b8fcffffffffffff0000,18
247.308403193,USMsgTx,877,2,6d03000000000000b7fcffffffffffff0000,18
247.313337549,USMsgTx,450,2,c201000000000000b6fcffffffffffff0000,18
247.411057413,USMsgTx,462,2,ce01000000000000b5fcffffffffffff0000,18
247.905437593,USMsgTx,528,2,1002000000000000b4fcffffffffffff0000,18
247.932506252,USMsgTx,691,2,b302000000000000b3fcffffffffffff0000,18
248.114729534,USMsgTx,242,2,f200000000000000b2fcffffffffffff0000,18
248.152721700,USMsgTx,223,2,df00000000000000b1fcffffffffffff0000,18
248.172346809,USMsgTx,907,2,8b03000000000000b0fcffffffffffff0000,18
248.515414421,USMsgTx,163,2,a300000000000000affcffffffffffff0000,18
248.649818384,USMsgTx,215,2,d700000000000000aefcffffffffffff0000,18
249.269380617,USMsgTx,243,2,f300000000000000adfcffffffffffff0000,18
249.410116411,USMsgTx,779,2,0b03000000000000acfcffffffffffff0000,18
249.688591047,USMsgTx,878,2,6e03000000000000abfcffffffffffff0000,18
251.338548510,USMsgTx,237,2,ed00000000000000aafcffffffffffff0000,18
251.723702568,USMsgTx,294,2,2601000000000000a9fcffffffffffff0000,18
252.525568689,USMsgTx,62,2,3e00000000000000a8fcffffffffffff0000,18
252.527022949,USMsgTx,162,2,a200000000000000a7fcffffffffffff0000,18
252.681065434,USMsgTx,865,2,6103000000000000a6fcffffffffffff0000,18
253.180322135,USMsgTx,91,2,5b00000000000000a5fcffffffffffff0000,18
253.781276193,USMsgTx,904,2,8803000000000000a4fcffffffffffff0000,18
253.788361346,USMsgTx,869,2,6503000000000000a3fcffffffffffff0000,18
253.863224178,USMsgTx,391,2,8701000000000000a2fcffffffffffff0000,18
254.210179037,USMsgTx,688,2,b002000000000000a1fcffffffffffff0000,18
254.571560619,USMsgTx,100,2,6400000000000000a0fcffffffffffff0000,18
254.660073171,USMsgTx,382,2,7e010000000000009ffcffffffffffff0000,18
255.336007757,USMsgTx,141,2,8d000000000000009efcffffffffffff0000,18
255.418196024,USMsgTx,689,2,b1020000000000009dfcffffffffffff0000,18
255.710722084,USMsgTx,144,2,90000000000000009cfcffffffffffff0000,18
256.333174397,USMsgTx,175,2,af000000000000009bfcffffffffffff0000,18
257.437447935,USMsgTx,915,2,93030000000000009afcffffffffffff0000,18
257.477696229,USMsgTx,829,2,3d0300000000000099fcffffffffffff0000,18
257.517344240,USMsgTx,764,2,fc0200000000000098fcffffffffffff0000,18
257.580665190,USMsgTx,487,2,e70100000000000097fcffffffffffff0000,18
257.698940416,USMsgTx,964,2,c40300000000000096fcffffffffffff0000,18
257.869421070,USMsgTx,902,2,860300000000000095fcffffffffffff0000,18
258.198495652,USMsgTx,916,2,940300000000000094fcffffffffffff0000,18
258.486561911,USMsgTx,25,2,190000000000000093fcffffffffffff0000,18
259.130816184,USMsgTx,666,2,9a0200000000000092fcffffffffffff0000,18
259.162099195,USMsgTx,572,2,3c0200000000000091fcffffffffffff0000,18
259.219748251,USMsgTx,427,2,ab0100000000000090fcffffffffffff0000,18
259.381522622,USMsgTx,839,2,47030000000000008ffcffffffffffff0000,18
259.470453571,USMsgTx,160,2,a0000000000000008efcffffffffffff0000,18
259.502060053,USMsgTx,577,2,41020000000000008dfcffffffffffff0000,18
259.741264354,USMsgTx,315,2,3b010000000000008cfcffffffffffff0000,18
260.456367017,USMsgTx,632,2,78020000000000008bfcffffffffffff0000,18
260.570804937,USMsgTx,588,2,4c020000000000008afcffffffffffff0000,18
260.695761168,USMsgTx,134,2,860000000000000089fcffffffffffff0000,18
260.706101503,USMsgTx,505,2,f90100000000000088fcffffffffffff0000,18
261.409400769,USMsgTx,400,2,900100000000000087fcffffffffffff0000,18
261.926156510,USMsgTx,481,2,e10100000000000086fcffffffffffff0000,18
261.955665141,USMsgTx,403,2,930100000000000085fcffffffffffff0000,18
262.660842303,USMsgTx,67,2,430000000000000084fcffffffffffff0000,18
263.077013944,USMsgTx,506,2,fa0100000000000083fcffffffffffff0000,18
263.797793041,USMsgTx,763,2,fb0200000000000082fcffffffffffff0000,18
264.194967656,USMsgTx,955,2,bb0300000000000081fcffffffffffff0000,18
265.530670441,USMsgTx,755,2,f30200000000000080fcffffffffffff0000,18
265.653598950,USMsgTx,146,2,92000000000000007ffcffffffffffff0000,18
265.965277170,USMsgTx,299,2,2b010000000000007efcffffffffffff0000,18
266.156361242,USMsgTx,714,2,ca020000000000007dfcffffffffffff0000,18
266.545934798,USMsgTx,866,2,62030000000000007cfcffffffffffff0000,18
266.655779295,USMsgTx,732,2,dc020000000000007bfcffffffffffff0000,18
267.046023892,USMsgTx,436,2,b4010000000000007afcffffffffffff0000,18
267.202272563,USMsgTx,471,2,d70100000000000079fcffffffffffff0000,18
267.523495188,USMsgTx,786,2,120300000000000078fcffffffffffff0000,18
267.586892134,USMsgTx,735,2,df0200000000000077fcffffffffffff0000,18
267.627516427,USMsgTx,447,2,bf0100000000000076fcffffffffffff0000,18
267.708845199,USMsgTx,762,2,fa0200000000000075fcffffffffffff0000,18
267.796608619,USMsgTx,220,2,dc0000000000000074fcffffffffffff0000,18
267.865431312,USMsgTx,681,2,a90200000000000073fcffffffffffff0000,18
268.174703088,USMsgTx,346,2,5a0100000000000072fcffffffffffff0000,18
268.390522716,USMsgTx,207,2,cf0000000000000071fcffffffffffff0000,18
268.627609539,USMsgTx,773,2,050300000000000070fcffffffffffff0000,18
268.906348136,USMsgTx,539,2,1b020000000000006ffcffffffffffff0000,18
269.023115946,USMsgTx,167,2,a7000000000000006efcffffffffffff0000,18
269.064273537,USMsgTx,963,2,c3030000000000006dfcffffffffffff0000,18
269.549399606,USMsgTx,352,2,60010000000000006cfcffffffffffff0000,18
271.395158337,USMsgTx,369,2,71010000000000006bfcffffffffffff0000,18
271.606544496,USMsgTx,842,2,4a030000000000006afcffffffffffff0000,18
271.894070611,USMsgTx,616,2,680200000000000069fcffffffffffff0000,18
271.998734603,USMsgTx,695,2,b70200000000000068fcffffffffffff0000,18
272.152695713,USMsgTx,483,2,e30100000000000067fcffffffffffff0000,18
272.769751268,USMsgTx,107,2,6b0000000000000066fcffffffffffff0000,18
272.833564306,USMsgTx,893,2,7d0300000000000065fcffffffffffff0000,18
272.944465971,USMsgTx,228,2,e40000000000000064fcffffffffffff0000,18
273.820251751,USMsgTx,491,2,eb0100000000000063fcffffffffffff0000,18
274.982443544,USMsgTx,161,2,a10000000000000062fcffffffffffff0000,18
275.326846322,USMsgTx,938,2,aa0300000000000061fcffffffffffff0000,18
275.865965611,USMsgTx,928,2,a00300000000000060fcffffffffffff0000,18
276.241209464,USMsgTx,464,2,d0010000000000005ffcffffffffffff0000,18
276.554148323,USMsgTx,292,2,24010000000000005efcffffffffffff0000,18
276.680718420,USMsgTx,285,2,1d010000000000005dfcffffffffffff0000,18
277.071443230,USMsgTx,194,2,c2000000000000005cfcffffffffffff0000,18
277.266360766,USMsgTx,262,2,06010000000000005bfcffffffffffff0000,18
277.516501216,USMsgTx,19,2,13000000000000005afcffffffffffff0000,18
277.826606502,USMsgTx,426,2,aa0100000000000059fcffffffffffff0000,18
277.829727155,USMsgTx,6,2,060000000000000058fcffffffffffff0000,18
278.111326426,USMsgTx,613,2,650200000000000057fcffffffffffff0000,18
279.047190966,USMsgTx,465,2,d10100000000000056fcffffffffffff0000,18
279.383591122,USMsgTx,168,2,a80000000000000055fcffffffffffff0000,18
280.019266378,USMsgTx,440,2,b80100000000000054fcffffffffffff0000,18
280.714503789,USMsgTx,994,2,e20300000000000053fcffffffffffff0000,18
280.872116964,USMsgTx,200,2,c80000000000000052fcffffffffffff0000,18
281.150406361,USMsgTx,717,2,cd0200000000000051fcffffffffffff0000,18
281.417591272,USMsgTx,858,2,5a0300000000000050fcffffffffffff0000,18
281.548838262,USMsgTx,257,2,01010000000000004ffcffffffffffff0000,18
281.696094896,USMsgTx,356,2,64010000000000004efcffffffffffff0000,18
282.287988047,USMsgTx,239,2,ef000000000000004dfcffffffffffff0000,18
282.323422684,USMsgTx,309,2,35010000000000004cfcffffffffffff0000,18
282.478224149,USMsgTx,139,2,8b000000000000004bfcffffffffffff0000,18
282.555428606,USMsgTx,972,2,cc030000000000004afcffffffffffff0000,18
282.580164022,USMsgTx,521,2,090200000000000049fcffffffffffff0000,18
283.965788098,USMsgTx,741,2,e50200000000000048fcffffffffffff0000,18
284.302211165,USMsgTx,370,2,720100000000000047fcffffffffffff0000,18
284.399124480,USMsgTx,981,2,d50300000000000046fcffffffffffff0000,18
284.470565400,USMsgTx,962,2,c20300000000000045fcffffffffffff0000,18
285.153563067,USMsgTx,677,2,a50200000000000044fcffffffffffff0000,18
285.898118621,USMsgTx,376,2,780100000000000043fcffffffffffff0000,18
286.249641408,USMsgTx,784,2,100300000000000042fcffffffffffff0000,18
287.168669149,USMsgTx,90,2,5a0000000000000041fcffffffffffff0000,18
287.699216264,USMsgTx,547,2,230200000000000040fcffffffffffff0000,18
287.861838814,USMsgTx,771,2,03030000000000003ffcffffffffffff0000,18
289.293954654,USMsgTx,166,2,a6000000000000003efcffffffffffff0000,18
290.189911136,USMsgTx,1000,2,e8030000000000003dfcffffffffffff0000,18
290.377589501,USMsgTx,823,2,37030000000000003cfcffffffffffff0000,18
290.388632239,USMsgTx,900,2,84030000000000003bfcffffffffffff0000,18
290.396335698,USMsgTx,51,2,33000000000000003afcffffffffffff0000,18
290.439882062,USMsgTx,856,2,580300000000000039fcffffffffffff0000,18
292.002540672,USMsgTx,640,2,800200000000000038fcffffffffffff0000,18
292.231893233,USMsgTx,950,2,b60300000000000037fcffffffffffff0000,18
292.497635758,USMsgTx,21,2,150000000000000036fcffffffffffff0000,18
292.640419669,USMsgTx,185,2,b90000000000000035fcffffffffffff0000,18
292.784214927,USMsgTx,221,2,dd0000000000000034fcffffffffffff0000,18
292.811034364,USMsgTx,55,2,370000000000000033fcffffffffffff0000,18
292.960790902,USMsgTx,170,2,aa0000000000000032fcffffffffffff0000,18
293.630691495,USMsgTx,30,2,1e0000000000000031fcffffffffffff0000,18
293.678076282,USMsgTx,641,2,810200000000000030fcffffffffffff0000,18
293.706758807,USMsgTx,478,2,de010000000000002ffcffffffffffff0000,18
293.768592459,USMsgTx,253,2,fd000000000000002efcffffffffffff0000,18
293.773786375,USMsgTx,566,2,36020000000000002dfcffffffffffff0000,18
293.810208889,USMsgTx,412,2,9c010000000000002cfcffffffffffff0000,18
293.827341849,USMsgTx,644,2,84020000000000002bfcffffffffffff0000,18
294.135717181,USMsgTx,338,2,52010000000000002afcffffffffffff0000,18
294.477639266,USMsgTx,297,2,290100000000000029fcffffffffffff0000,18
294.502329350,USMsgTx,665,2,990200000000000028fcffffffffffff0000,18
294.539253172,USMsgTx,197,2,c50000000000000027fcffffffffffff0000,18
294.746551338,USMsgTx,834,2,420300000000000026fcffffffffffff0000,18
295.134870542,USMsgTx,519,2,070200000000000025fcffffffffffff0000,18
295.242712812,USMsgTx,707,2,c30200000000000024fcffffffffffff0000,18
295.750542594,USMsgTx,715,2,cb0200000000000023fcffffffffffff0000,18
295.778996013,USMsgTx,323,2,430100000000000022fcffffffffffff0000,18
295.946091915,USMsgTx,190,2,be0000000000000021fcffffffffffff0000,18
295.956830181,USMsgTx,881,2,710300000000000020fcffffffffffff0000,18
296.305549082,USMsgTx,532,2,14020000000000001ffcffffffffffff0000,18
296.937894486,USMsgTx,870,2,66030000000000001efcffffffffffff0000,18
297.690714388,USMsgTx,44,2,2c000000000000001dfcffffffffffff0000,18
297.816854772,USMsgTx,89,2,59000000000000001cfcffffffffffff0000,18
298.823403207,USMsgTx,533,2,15020000000000001bfcffffffffffff0000,18
299.559712085,USMsgTx,731,2,db020000000000001afcffffffffffff0000,18
299.822455985,USMsgTx,435,2,b30100000000000019fcffffffffffff0000,18
299.888313370,USMsgTx,20,2,140000000000000018fcffffffffffff0000,18
300.886543813,USMsgTx,935,2,a70300000001000017fcffffffffffff0000,18
