DeviceType,NodeId,Position x,Position y,DistanceToClosestGW,DataRateIndex
0,0,0,0
1,1,1133.7,-938.335,1471.65,5
2,1,-2348.72,-1287.8,2678.6,3
3,1,-1148.24,1054,1558.64,5
4,1,2523.01,259.788,2536.35,3
5,1,-645.944,2093.96,2191.32,3
6,1,-2015.8,-1709.26,2642.92,3
7,1,-902.595,-177.947,919.969,5
8,1,-2324.9,-105.208,2327.28,3
9,1,1452.33,89.3094,1455.07,5
10,1,-1397.45,2370.88,2752.08,2
11,1,1153.76,2303.85,2576.61,3
12,1,-146.005,-1660.81,1667.21,5
13,1,-2324.41,1853.14,2972.71,2
14,1,1378,-1245.13,1857.21,4
15,1,579.974,1191.07,1324.77,5
16,1,-766.086,-1321.48,1527.48,5
17,1,-1271.76,-663.459,1434.42,5
18,1,-2032.9,73.0039,2034.22,4
19,1,1463.93,-1342.81,1986.51,4
20,1,1196.21,-1179.39,1679.84,5
21,1,2602.36,-955.171,2772.11,2
22,1,-2607.17,1239.73,2886.92,2
23,1,-850.095,1455.95,1685.95,5
24,1,710.947,2153.33,2267.66,3
25,1,506.856,-2943.71,2987.02,2
26,1,-688.859,-488.921,844.731,5
27,1,-58.9273,-1714.84,1715.86,5
28,1,-2820.79,383.756,2846.77,2
29,1,-1276.15,-1580.77,2031.6,4
30,1,433.818,2279.54,2320.45,3
31,1,-2551.24,-1386.36,2903.59,2
32,1,-1099.58,1717.72,2039.52,4
33,1,-1371.76,1221.2,1836.58,4
34,1,-1085.17,-1334.02,1719.65,5
35,1,-1630.25,1630.55,2305.73,3
36,1,98.0689,-2426.2,2428.18,3
37,1,1192.59,-1233.82,1715.98,5
38,1,788.097,2886.7,2992.35,2
39,1,-564.769,1601.3,1697.98,5
40,1,578.982,-75.966,583.945,5
41,1,302.404,2118.7,2140.17,4
42,1,1568.96,-409.378,1621.49,5
43,1,-891.713,-1689.14,1910.06,4
44,1,2454.71,1680.86,2975.05,2
45,1,-2143.55,344.929,2171.12,3
46,1,372.324,-1657.47,1698.77,5
47,1,-994.485,-690.416,1210.65,5
48,1,-0.858401,1498.62,1498.62,5
49,1,486.548,-1811.22,1875.43,4
50,1,2298.34,-352.236,2325.17,3
51,1,673.934,1534.6,1676.06,5
52,1,-1983.5,-316.957,2008.66,4
53,1,708.575,-360.276,794.907,5
54,1,1469.57,2426.74,2837.02,2
55,1,-2285.33,1658.35,2823.63,2
56,1,1076.5,2395.91,2626.64,3
57,1,-152.463,2223.41,2228.63,3
58,1,-1344.48,-1205.99,1806.11,4
59,1,-570.992,2235.47,2307.24,3
60,1,2527.63,974.986,2709.15,2
61,1,955.166,1551.62,1822.05,4
62,1,-1375.4,1896.11,2342.43,3
63,1,-2859.79,-217.935,2868.08,2
64,1,1020.11,-2470.96,2673.25,3
65,1,462.927,-2668.92,2708.77,2
66,1,2286.48,848.278,2438.77,3
67,1,-1389.48,50.654,1390.4,5
68,1,-847.065,1052.88,1351.32,5
69,1,-1685.91,694.849,1823.49,4
70,1,788.732,-1732.32,1903.43,4
71,1,-1127.21,-2334.76,2592.63,3
72,1,-84.8551,-419.044,427.549,5
73,1,-2003.43,1390.84,2438.89,3
74,1,614.377,-1092.88,1253.74,5
75,1,-331.139,-2727.32,2747.34,2
76,1,1993.61,-1648.9,2587.16,3
77,1,1955.98,-617.444,2051.12,4
78,1,-419.444,2802.78,2834,2
79,1,-1635.61,-2470.1,2962.54,2
80,1,-1930.84,-944.998,2149.69,4
81,1,1730.3,81.8521,1732.24,5
82,1,-1452.37,-1098.2,1820.83,4
83,1,525.815,-234.586,575.771,5
84,1,-2161.14,958.021,2363.97,3
85,1,-360.674,258.439,443.707,5
86,1,97.1099,1111.93,1116.16,5
87,1,-1297.96,1078.27,1687.41,5
88,1,806.03,-2108.01,2256.85,3
89,1,425.291,2109.07,2151.52,4
90,1,2217.46,-1467.98,2659.34,3
91,1,-555.859,-1001.22,1145.17,5
92,1,-396.144,-1001.95,1077.42,5
93,1,-1994.33,-274.579,2013.14,4
94,1,135.593,46.9847,143.503,5
95,1,-504.847,669.321,838.368,5
96,1,-1248.79,-1937.75,2305.29,3
97,1,1077.94,382.65,1143.84,5
98,1,-1837.12,649.609,1948.59,4
99,1,-997.608,942.38,1372.33,5
100,1,38.6701,-600.658,601.901,5
101,1,-1230.47,272.387,1260.26,5
102,1,-90.2819,-622.084,628.601,5
103,1,1651.32,1884.74,2505.81,3
104,1,-2482.32,336.348,2505,3
105,1,-787.548,2615.24,2731.25,2
106,1,-1896.33,2097.76,2827.83,2
107,1,-1391.24,9.29438,1391.27,5
108,1,-588.044,-2599.11,2664.8,3
109,1,2296.91,-872.133,2456.91,3
110,1,496.401,1187.97,1287.51,5
111,1,-1626.13,816.103,1819.43,4
112,1,1870.96,1548.44,2428.61,3
113,1,-1489.04,-1474.66,2095.68,4
114,1,-1187.41,163.682,1198.64,5
115,1,936.78,-556.033,1089.37,5
116,1,1481.06,851.116,1708.19,5
117,1,1423.59,-1722.03,2234.28,3
118,1,1207.5,-1593.22,1999.1,4
119,1,-1694.81,917.61,1927.27,4
120,1,304.11,2945.02,2960.68,2
121,1,1038.85,-279.399,1075.76,5
122,1,-1385.55,194.5,1399.13,5
123,1,-330.115,-2084.12,2110.1,4
124,1,-2445.39,40.9257,2445.73,3
125,1,1784.03,-1002.2,2046.26,4
126,1,-133.573,-335.278,360.906,5
127,1,1377.55,92.3784,1380.64,5
128,1,1036.81,1924.88,2186.35,3
129,1,-468.503,1421.7,1496.9,5
130,1,-217.483,85.3019,233.613,5
131,1,1903.13,-1568.19,2466,3
132,1,-146.644,-733.907,748.414,5
133,1,-465.081,721.917,858.758,5
134,1,32.006,-751.302,751.984,5
135,1,2383.98,614.09,2461.8,3
136,1,-724.355,2765.61,2858.89,2
137,1,1525.94,-893.164,1768.12,4
138,1,-752.483,2159.1,2286.47,3
139,1,577.014,1350.46,1468.57,5
140,1,21.6032,-957.325,957.568,5
141,1,1422.68,-252.252,1444.87,5
142,1,636.989,-1322.49,1467.91,5
143,1,-1150.5,1847.3,2176.27,3
144,1,2011.39,-2066.74,2883.93,2
145,1,2214.45,-381.319,2247.04,3
146,1,-1313.39,2295.84,2644.97,3
147,1,426.779,-1130.82,1208.67,5
148,1,1764.91,61.5795,1765.99,4
149,1,-841.467,-451.722,955.049,5
150,1,1076.17,-2104.44,2363.64,3
151,1,-2539.9,757.669,2650.5,3
152,1,-1716.56,481.148,1782.71,4
153,1,1453.05,2128.56,2577.23,3
154,1,-2646.52,914.886,2800.19,2
155,1,237.285,-2868.3,2878.09,2
156,1,118.129,-1510.69,1515.3,5
157,1,-2416.41,1561.55,2877.06,2
158,1,703.92,2547.01,2642.49,3
159,1,142.845,2253.02,2257.55,3
160,1,-221.878,289.267,364.562,5
161,1,-817.874,-290.243,867.847,5
162,1,-456.083,-1437.91,1508.51,5
163,1,1670.23,-2300.65,2843,2
164,1,763.99,784.641,1095.15,5
165,1,1565.02,-1443.91,2129.36,4
166,1,488.389,-1023.81,1134.33,5
167,1,-1463.36,-2508.61,2904.23,2
168,1,374.276,2750.24,2775.59,2
169,1,740.845,-756.923,1059.14,5
170,1,32.2688,-2927.68,2927.86,2
171,1,-849.423,-2664.49,2796.61,2
172,1,-1614.74,-1459.68,2176.71,3
173,1,-2329.96,1029.57,2547.3,3
174,1,2506.43,-1061.2,2721.82,2
175,1,-1365.39,-316.385,1401.56,5
176,1,-906.62,1325.82,1606.16,5
177,1,-729.658,-2848.27,2940.25,2
178,1,-879.862,-2495.79,2646.35,3
179,1,-501.389,2198.37,2254.82,3
180,1,-1926.15,532.359,1998.36,4
181,1,422.105,2907.45,2937.93,2
182,1,-2279.13,-1919.24,2979.58,2
183,1,-667.05,-649.889,931.296,5
184,1,-813.574,2092.73,2245.32,3
185,1,2673.01,1028.23,2863.96,2
186,1,-1326.49,2592.93,2912.54,2
187,1,580.699,-1132.52,1272.72,5
188,1,2843.19,-533.001,2892.72,2
189,1,-1829.84,91.1232,1832.11,4
190,1,2367.32,1193.18,2651.02,3
191,1,-518.478,1991.68,2058.06,4
192,1,1077.55,259.241,1108.3,5
193,1,-2.47592,-1851,1851,4
194,1,1057.69,1685.76,1990.1,4
195,1,-1253.52,648.49,1411.33,5
196,1,1451.31,-961.541,1740.94,4
197,1,-967.194,-2426.77,2612.41,3
198,1,-1578.69,-803.293,1771.31,4
199,1,1223.36,-2573.36,2849.35,2
200,1,1772.57,-1864.5,2572.62,3
201,1,-33.6015,2610.28,2610.5,3
202,1,2468.51,-673.963,2558.86,3
203,1,-2569.62,595.319,2637.68,3
204,1,1642.34,2475.39,2970.66,2
205,1,1087.15,1200.3,1619.45,5
206,1,472.049,753.731,889.349,5
207,1,1439.26,1008.61,1757.49,4
208,1,-358.545,843.04,916.118,5
209,1,824.082,957.666,1263.42,5
210,1,-858.439,-143.334,870.323,5
211,1,2496.89,1465.22,2895.05,2
212,1,-2634.99,-879.831,2778,2
213,1,306.593,1373.69,1407.49,5
214,1,-754.63,354.173,833.61,5
215,1,1118.92,1983,2276.9,3
216,1,-1648.7,32.4141,1649.02,5
217,1,2726.55,918.344,2877.05,2
218,1,-518.257,-2594.15,2645.41,3
219,1,2192.73,-1164.43,2482.73,3
220,1,758.554,2639.74,2746.56,2
221,1,-200.251,827.528,851.413,5
222,1,1609.59,-70.8231,1611.15,5
223,1,-1895.14,874.76,2087.28,4
224,1,2205.1,-1253.75,2536.61,3
225,1,1774.38,-2097.76,2747.55,2
226,1,1955.79,-493.285,2017.04,4
227,1,259.662,2647.73,2660.43,3
228,1,-1842.03,1525.6,2391.77,3
229,1,-1746.7,1923.77,2598.43,3
230,1,1857.11,700.531,1984.84,4
231,1,-1.25807,2025.64,2025.64,4
232,1,-1751.01,-2283.07,2877.22,2
233,1,2771.98,56.6151,2772.56,2
234,1,613.102,765.218,980.537,5
235,1,-466.563,-422.805,629.639,5
236,1,-294.179,-1187.13,1223.04,5
237,1,-1349.06,-749.653,1543.36,5
238,1,1745.59,-1682.91,2424.72,3
239,1,-991.024,-569.06,1142.78,5
240,1,-551.479,1827.44,1908.84,4
241,1,-930.873,207.509,953.721,5
242,1,-340.828,681.16,761.671,5
243,1,101.14,-2839.65,2841.45,2
244,1,1134.26,788.136,1381.2,5
245,1,944.483,-308.289,993.524,5
246,1,-1329.95,-2609.64,2929,2
247,1,-1083.97,-1837.92,2133.77,4
248,1,-961.686,2156.24,2360.97,3
249,1,-2352.4,1092.63,2593.77,3
250,1,-885.65,1675.62,1895.28,4
251,1,1762.78,-2052.79,2705.8,2
252,1,-529.931,2224.72,2286.96,3
253,1,126.231,2952.15,2954.84,2
254,1,2343.84,-318.443,2365.37,3
255,1,761.473,-2365.03,2484.59,3
256,1,-2534.04,-948.744,2705.82,2
257,1,-2746.78,901.922,2891.06,2
258,1,2918.19,-55.5116,2918.72,2
259,1,-1269.61,-1506.29,1969.98,4
260,1,-2347.37,-1377.85,2721.88,2
261,1,392.358,-1043.39,1114.73,5
262,1,2212.21,1932.09,2937.15,2
263,1,-725.402,2222.33,2337.73,3
264,1,61.2071,2297.26,2298.07,3
265,1,1321.95,224.851,1340.94,5
266,1,-1547.51,2362.55,2824.26,2
267,1,-1778.91,-252.988,1796.81,4
268,1,-1471.11,1042.86,1803.26,4
269,1,2493.47,-1471.4,2895.24,2
270,1,1166.06,-2442.24,2706.33,2
271,1,2032.61,-334.209,2059.9,4
272,1,626.607,1252.38,1400.39,5
273,1,1624.31,1194.74,2016.38,4
274,1,1921.3,1164.61,2246.71,3
275,1,-1555.59,-1740.28,2334.19,3
276,1,632.178,2100.23,2193.31,3
277,1,-960.325,-1137.92,1488.99,5
278,1,1110.26,-779.211,1356.41,5
279,1,335.965,-2277.78,2302.43,3
280,1,-129.876,1045.45,1053.49,5
281,1,-1945.16,17.3126,1945.24,4
282,1,1924.49,1508.79,2445.43,3
283,1,2974.96,102.018,2976.71,2
284,1,-1462.99,1611.26,2176.35,3
285,1,2453.97,28.4349,2454.13,3
286,1,-1811.41,131.223,1816.15,4
287,1,-492.736,2179.62,2234.62,3
288,1,930.386,-1965.04,2174.17,3
289,1,400.711,-550.108,680.58,5
290,1,1377.12,554.181,1484.44,5
291,1,2628.82,995.363,2810.95,2
292,1,1326.78,-2360.97,2708.24,2
293,1,2295.47,173.763,2302.04,3
294,1,-238.577,-2874.02,2883.9,2
295,1,233.456,-328.093,402.675,5
296,1,-337.042,87.8297,348.297,5
297,1,-1764.9,-1552.78,2350.74,3
298,1,505.737,-2715.65,2762.34,2
299,1,636.47,920.558,1119.16,5
300,1,612.91,-1748.62,1852.93,4
301,1,-2103.04,1825.21,2784.63,2
302,1,1914.12,-2138.27,2869.85,2
303,1,-903.325,553.378,1059.35,5
304,1,890.829,-1584.48,1817.73,4
305,1,-194.055,-1348.75,1362.64,5
306,1,-1592.98,939.88,1849.58,4
307,1,1752,-1987.4,2649.39,3
308,1,-1837.25,1515.93,2381.92,3
309,1,1612.86,-1282.8,2060.8,4
310,1,-835.004,-743.305,1117.92,5
311,1,-1011.75,-861.683,1328.96,5
312,1,479.725,-2439.13,2485.86,3
313,1,1123.64,437.258,1205.72,5
314,1,-104.679,-1056.9,1062.07,5
315,1,-1073.12,1831.65,2122.85,4
316,1,-1983.11,972.256,2208.62,3
317,1,-2118.28,-1861.19,2819.77,2
318,1,306.273,-652.45,720.759,5
319,1,-1770.71,2168.4,2799.53,2
320,1,-794.496,532.941,956.687,5
321,1,-538.093,-88.5422,545.329,5
322,1,-505.69,-446.582,674.654,5
323,1,-2177.59,576.461,2252.6,3
324,1,1985.44,-646.186,2087.94,4
325,1,1142.68,256.774,1171.18,5
326,1,2073.56,-1066.35,2331.69,3
327,1,-2223.47,172.837,2230.17,3
328,1,1240.54,1156.77,1696.19,5
329,1,2073.06,-1876.8,2796.42,2
330,1,986.509,-1993.36,2224.12,3
331,1,-864.74,-1159.25,1446.25,5
332,1,-2362.8,799.722,2494.47,3
333,1,292.566,851.709,900.557,5
334,1,2846.07,-95.9114,2847.69,2
335,1,-7.47251,1644.55,1644.56,5
336,1,2330.54,206.232,2339.65,3
337,1,-1641,2123.45,2683.64,3
338,1,334.944,715.236,789.778,5
339,1,2097.96,-1783.98,2753.91,2
340,1,-687.643,-1781.77,1909.86,4
341,1,-2827.03,-604.683,2890.97,2
342,1,1423.32,-1125.07,1814.28,4
343,1,-33.3667,1779.66,1779.98,4
344,1,955.805,-2110.18,2316.55,3
345,1,317.096,-2352.34,2373.61,3
346,1,-546.69,-304.911,625.972,5
347,1,123.685,1512.26,1517.31,5
348,1,230.383,1484.02,1501.8,5
349,1,928.679,-2399.45,2572.9,3
350,1,-2458.29,-911.329,2621.78,3
351,1,67.004,898.887,901.381,5
352,1,660.915,2657.97,2738.91,2
353,1,-587.748,-1749.89,1845.96,4
354,1,-1144.12,-683.2,1332.58,5
355,1,-2792.21,-78.335,2793.31,2
356,1,-774.11,-701.146,1044.44,5
357,1,-601.623,-2278.25,2356.35,3
358,1,-1964.09,385.698,2001.6,4
359,1,-2501.92,-1079.29,2724.79,2
360,1,-1160.58,-2259.88,2540.48,3
361,1,2203.51,-67.0949,2204.53,3
362,1,-115.986,836.484,844.487,5
363,1,-1935.89,-1805.27,2647.01,3
364,1,2880.69,340.529,2900.75,2
365,1,1986.66,-538.012,2058.22,4
366,1,-847.575,643.3,1064.06,5
367,1,710.687,1794.48,1930.09,4
368,1,1357.09,925.718,1642.76,5
369,1,997.339,-90.4596,1001.43,5
370,1,-2480.01,1452.56,2874.09,2
371,1,-550.328,91.5993,557.899,5
372,1,55.5338,-2214.59,2215.29,3
373,1,2127.44,-1235.76,2460.3,3
374,1,2079.83,-22.6055,2079.95,4
375,1,-339.172,-2726.18,2747.2,2
376,1,-2381.77,-1066.71,2609.73,3
377,1,900.292,-712.334,1148.02,5
378,1,988.382,832.734,1292.42,5
379,1,5.47449,2050.69,2050.7,4
380,1,825.892,-2421.22,2558.2,3
381,1,-1202.9,2614.86,2878.27,2
382,1,-1175.98,-1511.15,1914.81,4
383,1,1738.5,-2144.65,2760.78,2
384,1,-1170.18,-527.626,1283.63,5
385,1,-539.767,1061.04,1190.45,5
386,1,-9.78131,1715.36,1715.38,5
387,1,261.338,2680.59,2693.3,3
388,1,-334.062,2488.36,2510.69,3
389,1,-445.744,-2201.64,2246.31,3
390,1,252.57,26.2603,253.932,5
391,1,-2723.98,520.66,2773.3,2
392,1,-1669.59,-1723.8,2399.8,3
393,1,-1633.46,18.1462,1633.56,5
394,1,-271.703,-2911.84,2924.48,2
395,1,-2470.47,-322.461,2491.42,3
396,1,1574.53,2090.37,2617.02,3
397,1,-1018.24,-182.316,1034.43,5
398,1,-593.792,1664.32,1767.08,4
399,1,1305.17,2059.38,2438.14,3
400,1,-2186.73,1801.89,2833.48,2
401,1,-1684.65,-1156.74,2043.55,4
402,1,-2615.14,-597.032,2682.43,3
403,1,-1384.39,1270.87,1879.27,4
404,1,1427.14,-1602.26,2145.68,4
405,1,1080.16,131.981,1088.19,5
406,1,-991.255,-246.526,1021.45,5
407,1,98.4395,2380.19,2382.22,3
408,1,-2310.08,-188.536,2317.76,3
409,1,-1984.23,-2006.07,2821.61,2
410,1,-182.748,395.512,435.691,5
411,1,1749.47,860.81,1949.78,4
412,1,699.036,1424.41,1586.69,5
413,1,-475.223,2247.99,2297.67,3
414,1,184.78,-2024.74,2033.16,4
415,1,-2121.52,1273.5,2474.4,3
416,1,-1208.53,1709.73,2093.74,4
417,1,-2125.64,-498.057,2183.21,3
418,1,1282.28,-1993.48,2370.28,3
419,1,1005.26,1617.4,1904.34,4
420,1,1479.28,-788.943,1676.51,5
421,1,156.923,469.108,494.659,5
422,1,-1072.02,1680.32,1993.16,4
423,1,-1711.25,-2272.24,2844.55,2
424,1,135.329,-1507.98,1514.04,5
425,1,-193.438,-148.461,243.842,5
426,1,1102.39,-2085.58,2359.01,3
427,1,1480.41,1591.84,2173.84,3
428,1,-646.281,1010.88,1199.81,5
429,1,698.437,2364.28,2465.29,3
430,1,1454.27,2341.32,2756.21,2
431,1,-731.411,-1440.3,1615.38,5
432,1,520.573,-2305.66,2363.7,3
433,1,1260.81,2215.4,2549.05,3
434,1,-813.502,-2537.28,2664.5,3
435,1,2371.78,1663.82,2897.17,2
436,1,1070.56,905.096,1401.89,5
437,1,71.5814,710.369,713.966,5
438,1,975.705,-553.512,1121.77,5
439,1,569.653,2412.86,2479.2,3
440,1,1227.07,2389.1,2685.8,3
441,1,1672.79,882.785,1891.44,4
442,1,2102.91,-1390.58,2521.1,3
443,1,1197.96,758.105,1417.69,5
444,1,-1247.3,2123.2,2462.46,3
445,1,1078.84,1649.6,1971.06,4
446,1,1915.82,828.517,2087.3,4
447,1,-1771.56,48.245,1772.22,4
448,1,920.679,-1941.59,2148.82,4
449,1,1258.47,-421.559,1327.2,5
450,1,2832.28,488.025,2874.02,2
451,1,2651.89,-664.991,2734,2
452,1,-987.574,-2050.76,2276.17,3
453,1,1249.25,2317.19,2632.49,3
454,1,116.927,-2673.14,2675.7,3
455,1,-819.077,2854.06,2969.27,2
456,1,-931.363,-830.818,1248.08,5
457,1,721.244,-1148.1,1355.85,5
458,1,1093.52,-2760.64,2969.33,2
459,1,-2136.6,-1643.26,2695.43,3
460,1,19.488,1544.42,1544.55,5
461,1,-512.478,-1730.5,1804.79,4
462,1,75.6361,670.394,674.647,5
463,1,-373.976,1357.25,1407.83,5
464,1,-1610.13,-2220.96,2743.21,2
465,1,-195.122,-2327.46,2335.63,3
466,1,-138.223,2428.88,2432.81,3
467,1,312.172,213.378,378.129,5
468,1,-1892.96,394.202,1933.57,4
469,1,52.003,-2675.13,2675.63,3
470,1,2244.81,133.347,2248.77,3
471,1,209.436,-1404.83,1420.36,5
472,1,-975.414,2388.69,2580.17,3
473,1,586.899,-171.53,611.452,5
474,1,-959.173,2626.5,2796.16,2
475,1,-1251.29,-920.953,1553.67,5
476,1,-885.665,2014.47,2200.57,3
477,1,840.104,-1407.47,1639.13,5
478,1,-300.835,-2137.72,2158.78,4
479,1,-795.648,-2853.49,2962.34,2
480,1,847.714,-2469.99,2611.42,3
481,1,-1425.88,1054.52,1773.46,4
482,1,-273.454,-1412.12,1438.36,5
483,1,722.538,-1031.74,1259.58,5
484,1,-904.993,1275.42,1563.88,5
485,1,1132.59,1112.5,1587.59,5
486,1,199.158,-1962.72,1972.79,4
487,1,-708.393,-2897.2,2982.54,2
488,1,1420.35,1144.77,1824.25,4
489,1,-2843.75,-31.3872,2843.92,2
490,1,-2140.54,-1729.99,2752.23,2
491,1,1516.97,-2314.24,2767.11,2
492,1,-1490.61,-353.952,1532.06,5
493,1,-307.928,27.3924,309.144,5
494,1,1783.8,-218.353,1797.12,4
495,1,982.86,1470.5,1768.72,4
496,1,-155.044,-1343.7,1352.61,5
497,1,2318.39,1597.38,2815.41,2
498,1,2136.76,-748.362,2264.02,3
499,1,393.319,1655.73,1701.8,5
500,1,-449.139,-21.6288,449.66,5
501,1,558.559,2705.55,2762.61,2
502,1,-209.046,2072.42,2082.94,4
503,1,-457.09,-1158.86,1245.75,5
504,1,-411,-2568.76,2601.43,3
505,1,1131.95,932.059,1466.3,5
506,1,-1247.52,399.575,1309.95,5
507,1,-1779.74,-1192.38,2142.25,4
508,1,-1320.96,1682.31,2138.95,4
509,1,478.019,110.582,490.643,5
510,1,2183.95,59.5024,2184.76,3
511,1,-1268.39,-886.837,1547.67,5
512,1,1710.26,525.133,1789.07,4
513,1,1973.39,-1831.07,2692.05,3
514,1,-450.067,2839.59,2875.04,2
515,1,-1699.88,1020.52,1982.68,4
516,1,638.207,2189.33,2280.46,3
517,1,1223.48,1154.38,1682.11,5
518,1,-1981.14,-1752.63,2645.12,3
519,1,-1559.17,6.53845,1559.19,5
520,1,1052.54,-910.333,1391.6,5
521,1,2234.87,-1728.14,2825.08,2
522,1,-2116.47,-1319.09,2493.88,3
523,1,-1786.91,1968.28,2658.41,3
524,1,-1577.54,-125.429,1582.52,5
525,1,629.733,-1158.01,1318.16,5
526,1,-2663.35,-393.463,2692.25,3
527,1,-2686.34,105.008,2688.39,3
528,1,1305.83,-2456.85,2782.32,2
529,1,1035.16,-1568.35,1879.17,4
530,1,909.784,-1520.26,1771.69,4
531,1,-1396.43,-1543.44,2081.4,4
532,1,-346.07,-395.702,525.685,5
533,1,1302.6,-1800.24,2222.07,3
534,1,-2158.59,-203.788,2168.19,3
535,1,1273.48,-1212.57,1758.43,4
536,1,-1432.13,-2310.02,2717.93,2
537,1,-419.005,-698.088,814.182,5
538,1,660.555,811.679,1046.5,5
539,1,-1927.2,1268.31,2307.1,3
540,1,471.135,-141.01,491.784,5
541,1,-2338.31,1035.26,2557.23,3
542,1,-2491.92,-1550.34,2934.83,2
543,1,2370.5,384.715,2401.51,3
544,1,-2034.1,1717.08,2661.94,3
545,1,-207.148,2973.74,2980.94,2
546,1,64.4964,879.744,882.105,5
547,1,-1003.92,-2168.86,2389.94,3
548,1,-708.144,1493.55,1652.92,5
549,1,2080.51,-856.619,2249.96,3
550,1,661.17,-2804.2,2881.09,2
551,1,1018.63,-18.9507,1018.8,5
552,1,-165.32,-2885.5,2890.23,2
553,1,-1450.46,-2337.78,2751.19,2
554,1,1721.29,-1600.64,2350.5,3
555,1,-184.385,2454.93,2461.85,3
556,1,-2661.32,820.537,2784.94,2
557,1,47.7016,-1521.63,1522.37,5
558,1,-1046.39,43.6598,1047.3,5
559,1,1442.25,2408.06,2806.92,2
560,1,2336.45,506.229,2390.66,3
561,1,1087.15,-1162.81,1591.86,5
562,1,2559.41,610.849,2631.3,3
563,1,-1182.45,-607.697,1329.47,5
564,1,1978.9,1471.11,2465.81,3
565,1,-1179.57,-631.546,1338,5
566,1,637.577,-812.746,1032.99,5
567,1,832.841,-122.83,841.85,5
568,1,-842.731,1188.23,1456.73,5
569,1,-1215.36,-2211.87,2523.78,3
570,1,1357.95,-1541.57,2054.38,4
571,1,-1989.5,152.939,1995.37,4
572,1,-846.77,1102.51,1390.16,5
573,1,677.964,-1638.08,1772.84,4
574,1,-758.069,324.47,824.59,5
575,1,-708.208,-2428.56,2529.71,3
576,1,-1454.4,-1275.56,1934.51,4
577,1,222.179,2205.98,2217.14,3
578,1,914.422,-735.435,1173.47,5
579,1,1975.86,-1518.54,2491.98,3
580,1,-601.199,-2621.7,2689.75,3
581,1,538.32,-1241.65,1353.33,5
582,1,-1239.94,-238.354,1262.64,5
583,1,-464.577,-1791.42,1850.68,4
584,1,1318.08,1569.33,2049.42,4
585,1,-1356.04,617.128,1489.87,5
586,1,1472.81,1793.8,2320.97,3
587,1,-1027.3,830.455,1320.98,5
588,1,175.479,-2821.2,2826.65,2
589,1,2420.48,-1749.7,2986.67,2
590,1,-749.222,2194.43,2318.81,3
591,1,604.935,817.375,1016.88,5
592,1,-762.875,-352.319,840.302,5
593,1,506.378,798.565,945.582,5
594,1,-2866.71,606.866,2930.24,2
595,1,-261.403,2925.84,2937.49,2
596,1,2527.29,1005.43,2719.94,2
597,1,1243.66,-2471.77,2767.01,2
598,1,-535.956,671.668,859.294,5
599,1,-2453.95,1652.39,2958.42,2
600,1,1712.7,-2265.73,2840.22,2
601,1,1791.71,-142.648,1797.38,4
602,1,1467.78,2272.83,2705.58,2
603,1,-346.886,1144.63,1196.03,5
604,1,1572.78,2548.35,2994.61,2
605,1,187.84,2431.57,2438.82,3
606,1,19.356,1604.7,1604.82,5
607,1,2455.32,1334.81,2794.69,2
608,1,1263.77,797.393,1494.3,5
609,1,-196.222,-2532.43,2540.02,3
610,1,1229.85,358.458,1281.02,5
611,1,21.3817,-1043.53,1043.75,5
612,1,-253.992,-17.6222,254.602,5
613,1,-300.913,-276.819,408.873,5
614,1,174.287,-2168.69,2175.69,3
615,1,2902.72,-363.482,2925.39,2
616,1,-703.29,-2900.88,2984.92,2
617,1,296.605,1559.83,1587.78,5
618,1,112.397,-48.3991,122.375,5
619,1,-1845.98,482.923,1908.1,4
620,1,1082.18,-2661.44,2873.04,2
621,1,-831.037,-547.169,994.996,5
622,1,1687.32,-2351.16,2893.96,2
623,1,-1417.4,-1523.36,2080.78,4
624,1,-2470.13,431.002,2507.45,3
625,1,-1842.64,645.205,1952.34,4
626,1,727.481,2828.35,2920.41,2
627,1,1763.67,-1603.35,2383.54,3
628,1,-139.476,1138.28,1146.79,5
629,1,-1704.51,-1504.45,2273.48,3
630,1,-175.249,-2820.02,2825.46,2
631,1,862.29,-342.83,927.942,5
632,1,-2287.5,642.736,2376.09,3
633,1,-179.497,-2429.46,2436.08,3
634,1,2854.36,547.326,2906.36,2
635,1,844.987,-1884.36,2065.14,4
636,1,-567.431,-2801.42,2858.31,2
637,1,-437.081,2141.22,2185.38,3
638,1,-678.291,393.897,784.368,5
639,1,-392.954,2221.05,2255.55,3
640,1,2144.34,-1731.66,2756.24,2
641,1,-2988.71,-255.183,2999.59,2
642,1,-1021.72,2160.4,2389.82,3
643,1,471.178,53.9863,474.26,5
644,1,-2400.97,-673.711,2493.7,3
645,1,1443.96,1083.03,1804.98,4
646,1,-1059.87,-1200.58,1601.47,5
647,1,371.015,1040.77,1104.92,5
648,1,-672.441,-1686.22,1815.35,4
649,1,-2329,-1697.53,2881.99,2
650,1,1828.62,2131.29,2808.25,2
651,1,1066.62,-2549.12,2763.28,2
652,1,1153.62,-2374.27,2639.7,3
653,1,126.17,-75.3928,146.98,5
654,1,1786.85,-1450.61,2301.55,3
655,1,752.408,138.448,765.039,5
656,1,-955.817,-970.226,1361.96,5
657,1,2423.64,-642.912,2507.46,3
658,1,2753.25,406.14,2783.05,2
659,1,-2052.74,-1807.84,2735.33,2
660,1,-1701.11,-2233.08,2807.21,2
661,1,-2238.44,925.588,2422.25,3
662,1,-1242.19,-2672.06,2946.68,2
663,1,232.06,2733.11,2742.94,2
664,1,1088.42,1163.37,1593.14,5
665,1,1071.08,-2745.67,2947.19,2
666,1,-1177.03,-2758.6,2999.22,2
667,1,1018.49,-160.54,1031.06,5
668,1,-61.1013,-1185.12,1186.7,5
669,1,-114.679,-2560.61,2563.18,3
670,1,-973.922,828.233,1278.47,5
671,1,-1626.73,694.703,1768.86,4
672,1,506.524,-2805.68,2851.04,2
673,1,1982.66,-806.367,2140.37,4
674,1,120.024,840.965,849.487,5
675,1,912.035,-1244.63,1543.02,5
676,1,2319.94,121.48,2323.12,3
677,1,-1175.38,-2277.66,2563.06,3
678,1,428.545,1742.28,1794.21,4
679,1,-86.7809,1044.38,1047.98,5
680,1,-2001.75,-75.5183,2003.18,4
681,1,-2396.35,1076.13,2626.89,3
682,1,-19.4602,328.565,329.141,5
683,1,-1313.53,-1739.76,2179.94,3
684,1,2159.12,1632.56,2706.85,2
685,1,-301.892,-2271.88,2291.86,3
686,1,-969.72,-873.789,1305.32,5
687,1,2021.7,1283.35,2394.63,3
688,1,1930.3,696.524,2052.12,4
689,1,2799.25,744.496,2896.56,2
690,1,1780.55,-1859.24,2574.33,3
691,1,-856.802,2620.89,2757.39,2
692,1,-1213.12,-75.6755,1215.48,5
693,1,-2080.93,-2124.35,2973.74,2
694,1,-473.07,1461.99,1536.62,5
695,1,-1287.62,-1054.18,1664.11,5
696,1,-1168.88,-2640.54,2887.68,2
697,1,-2609.7,1221.19,2881.29,2
698,1,-576.746,453.829,733.891,5
699,1,-2317.7,-813.248,2456.24,3
700,1,-885.766,-2098.87,2278.12,3
701,1,-1510.49,1400.61,2059.93,4
702,1,1346.29,263.646,1371.86,5
703,1,387.142,-2715.1,2742.56,2
704,1,-2726.68,-405.022,2756.6,2
705,1,1188.34,105.753,1193.03,5
706,1,1590.17,1624.33,2273.12,3
707,1,-1322.73,-267.959,1349.59,5
708,1,-2277.55,-304.041,2297.75,3
709,1,2184.37,750.329,2309.65,3
710,1,-346.751,-226.894,414.388,5
711,1,962.463,-1654.59,1914.15,4
712,1,2338.06,736.701,2451.37,3
713,1,393.985,-1150.77,1216.35,5
714,1,523.565,2528.16,2581.8,3
715,1,2104.1,-1144.81,2395.38,3
716,1,-369.47,1199.14,1254.77,5
717,1,-2624.5,659.532,2706.11,2
718,1,-1278.05,-1782.89,2193.65,3
719,1,-1506.1,-1469.83,2104.46,4
720,1,-2025.2,1510.47,2526.45,3
721,1,-1515.17,120.528,1519.95,5
722,1,-1604.8,-845.266,1813.79,4
723,1,775.17,-2639.97,2751.42,2
724,1,622.562,1168.14,1323.68,5
725,1,-975.37,-1493.96,1784.17,4
726,1,744.751,-1009.6,1254.57,5
727,1,-1627.3,-822.68,1823.43,4
728,1,119.926,468.704,483.803,5
729,1,-1633.48,938.896,1884.09,4
730,1,-859.787,2842.99,2970.16,2
731,1,1272.97,376.391,1327.45,5
732,1,-783.552,254.792,823.937,5
733,1,534.532,-534.434,755.873,5
734,1,2177.26,-188.452,2185.4,3
735,1,891.314,-1831.77,2037.11,4
736,1,1638.26,624.876,1753.39,4
737,1,-1653.37,-1610.94,2308.41,3
738,1,-1480.69,1068.84,1826.16,4
739,1,2018.04,526.224,2085.52,4
740,1,-2723.79,1146.58,2955.28,2
741,1,2321.55,-1003.41,2529.12,3
742,1,1132.55,-1262.71,1696.21,5
743,1,-193.979,-2696.39,2703.36,2
744,1,2056.04,1230.52,2396.14,3
745,1,1411.49,-1871.52,2344.12,3
746,1,2569.09,-516.589,2620.51,3
747,1,-1496.05,-607.736,1614.78,5
748,1,2490.33,-532.242,2546.57,3
749,1,816.405,2008.28,2167.88,3
750,1,887.779,2337.07,2500.01,3
751,1,1061.79,729.641,1288.33,5
752,1,-1807.83,1767.24,2528.12,3
753,1,2844.95,218.743,2853.34,2
754,1,-1922.15,-831.071,2094.12,4
755,1,1360.46,886.297,1623.7,5
756,1,-2365.93,1566.15,2837.33,2
757,1,497.99,-952.763,1075.06,5
758,1,-552.74,-2196.38,2264.87,3
759,1,-1361.08,234.116,1381.07,5
760,1,-1352.72,2339.36,2702.31,2
761,1,811.359,1060.65,1335.39,5
762,1,1686.68,-339.962,1720.6,5
763,1,-337.621,902.627,963.703,5
764,1,-2902.09,-471.674,2940.17,2
765,1,2823.6,994.784,2993.71,2
766,1,-1432.14,1479.78,2059.31,4
767,1,-2997.66,22.0279,2997.74,2
768,1,779.849,-1951.89,2101.92,4
769,1,1137.82,1926.97,2237.82,3
770,1,-677.399,1207.04,1384.13,5
771,1,1201.07,-614.692,1349.23,5
772,1,1035.72,1822.16,2095.94,4
773,1,1429.6,-625.364,1560.4,5
774,1,-304.303,2769.59,2786.26,2
775,1,-44.0973,1632.58,1633.18,5
776,1,522.882,854.659,1001.92,5
777,1,40.8595,91.2201,99.9531,5
778,1,-366.234,-2138.74,2169.87,3
779,1,133.052,-636.064,649.831,5
780,1,-1483.19,2441.36,2856.59,2
781,1,768.219,807.071,1114.24,5
782,1,-2001.83,931.679,2208.02,3
783,1,-348.891,-2526.15,2550.13,3
784,1,527.845,6.06841,527.88,5
785,1,-1310.42,-1105.71,1714.58,5
786,1,-1009.36,178.787,1025.07,5
787,1,-1428.07,2140.97,2573.55,3
788,1,-199.397,-1155.55,1172.63,5
789,1,1134.16,-751.048,1360.29,5
790,1,1533.8,-2225.71,2703.03,2
791,1,-2434.15,222.451,2444.29,3
792,1,176.738,177.241,250.301,5
793,1,-26.0736,2691.04,2691.16,3
794,1,1717.82,1600.75,2348.05,3
795,1,2196.27,339.651,2222.38,3
796,1,-1205.78,-1302.06,1774.61,4
797,1,-22.6218,-2350.29,2350.4,3
798,1,500.681,1970.53,2033.14,4
799,1,1798.62,-266.941,1818.32,4
800,1,-998.096,-158.238,1010.56,5
801,1,37.5097,1505.42,1505.89,5
802,1,489.581,-755.301,900.094,5
803,1,-1015.25,-723.654,1246.76,5
804,1,-1715.8,2002.67,2637.17,3
805,1,-732.187,2250.24,2366.37,3
806,1,748.851,2250.88,2372.18,3
807,1,605.549,-2902.25,2964.75,2
808,1,1057.23,960.382,1428.31,5
809,1,-698.246,-1061.51,1270.57,5
810,1,2642.93,-601.493,2710.51,2
811,1,-1406.98,2412.03,2792.39,2
812,1,-86.6666,1584.4,1586.77,5
813,1,-1939.59,-1647.35,2544.75,3
814,1,1193.35,-436.381,1270.64,5
815,1,-1634.78,1907.31,2512.03,3
816,1,-277.015,2772.92,2786.72,2
817,1,-1264.01,-577.145,1389.54,5
818,1,2421.83,882.735,2577.69,3
819,1,-416.657,2914.16,2943.79,2
820,1,-386.221,2744.41,2771.45,2
821,1,183.748,2315.73,2323.01,3
822,1,581.399,2809.46,2868.99,2
823,1,712.307,-823.484,1088.81,5
824,1,-1179.8,-1665.97,2041.42,4
825,1,-1771.17,1556.24,2357.74,3
826,1,-1649.49,1383.29,2152.74,4
827,1,1079.38,1971.21,2247.38,3
828,1,-2275.29,-1.50003,2275.29,3
829,1,-16.8248,-1322.9,1323.01,5
830,1,234.484,-946.014,974.641,5
831,1,2360.11,1713.71,2916.66,2
832,1,1932.44,-1405,2389.22,3
833,1,-1452.99,-2364.01,2774.83,2
834,1,-405.553,855.606,946.855,5
835,1,1092.17,296.847,1131.79,5
836,1,-381.634,2468.34,2497.67,3
837,1,2172.96,853.515,2334.58,3
838,1,1698.06,1225.88,2094.33,4
839,1,1572.21,-952.687,1838.33,4
840,1,-83.0204,-8.93807,83.5001,5
841,1,1368.43,-2651.94,2984.19,2
842,1,-190.816,441.034,480.543,5
843,1,1196.59,-2032.38,2358.48,3
844,1,-596.135,-1501.71,1615.71,5
845,1,-2727.73,341.079,2748.97,2
846,1,2219.88,-1491.9,2674.63,3
847,1,336.974,513.755,614.407,5
848,1,-2358.46,404.542,2392.9,3
849,1,2590.07,526.913,2643.12,3
850,1,-1939.49,-125.626,1943.55,4
851,1,-2604.83,97.0005,2606.64,3
852,1,29.0346,-2642.05,2642.21,3
853,1,-1227.53,1722.23,2114.92,4
854,1,-555.369,140.401,572.842,5
855,1,1847.98,-1807.19,2584.75,3
856,1,226.199,1521.72,1538.44,5
857,1,2579.42,-1174.41,2834.19,2
858,1,1736.7,910.312,1960.82,4
859,1,815.076,-2745.57,2864,2
860,1,-478.681,1746.71,1811.11,4
861,1,-1163.17,1247.89,1705.93,5
862,1,1441.07,510.957,1528.97,5
863,1,-1816.45,-2367.36,2983.93,2
864,1,-985.944,2519.06,2705.14,2
865,1,1133.47,459.895,1223.22,5
866,1,-2345.06,-129.76,2348.65,3
867,1,956.98,2417.51,2600.03,3
868,1,1414.08,-1360,1961.94,4
869,1,-2285.5,-393.004,2319.05,3
870,1,-1321.3,-1175.15,1768.28,4
871,1,513.882,-1616.26,1695.99,5
872,1,889.338,1442.63,1694.73,5
873,1,-1192.11,-342.51,1240.34,5
874,1,-1213.76,-2302.37,2602.72,3
875,1,-2492.07,-476.739,2537.26,3
876,1,-1069.56,765.411,1315.22,5
877,1,2851.27,-66.8132,2852.05,2
878,1,-1626.55,114.808,1630.6,5
879,1,250.853,-227.716,338.794,5
880,1,1542.78,2326.48,2791.54,2
881,1,1057.81,-613.294,1222.74,5
882,1,1524.77,-1398.77,2069.18,4
883,1,1860.28,424.253,1908.04,4
884,1,-2249.94,1881.12,2932.72,2
885,1,-1273.89,44.0666,1274.65,5
886,1,508.048,-1842.31,1911.08,4
887,1,-1833.95,-1938.36,2668.45,3
888,1,-2339.28,-1405.29,2728.93,2
889,1,-97.2238,2591.68,2593.5,3
890,1,181.313,-713.906,736.571,5
891,1,-699.563,-537.258,882.063,5
892,1,-941.823,-185.61,959.938,5
893,1,209.781,2524.55,2533.25,3
894,1,-933.109,-2073.18,2273.5,3
895,1,-90.8469,1055.82,1059.73,5
896,1,21.4617,-90.0088,92.5321,5
897,1,-1623.18,2317.51,2829.41,2
898,1,-944.236,545.785,1090.63,5
899,1,-2561.71,-1497.02,2967.06,2
900,1,-1910.55,813.471,2076.52,4
901,1,1331.62,-2237.39,2603.68,3
902,1,2094.31,2056.54,2935.22,2
903,1,-2631.11,-420.136,2664.44,3
904,1,191.675,1021.79,1039.61,5
905,1,1472.96,-786.392,1669.74,5
906,1,-1122.12,-292.697,1159.67,5
907,1,-2206.25,-590.53,2283.92,3
908,1,1150.04,704.927,1348.9,5
909,1,957.79,2730.81,2893.9,2
910,1,-529.903,-898.491,1043.11,5
911,1,-697.639,-272.792,749.077,5
912,1,757.098,1006.8,1259.7,5
913,1,178.198,2174.19,2181.48,3
914,1,405.254,-636.445,754.515,5
915,1,-262.294,2583.51,2596.79,3
916,1,-1036.91,1451.57,1783.88,4
917,1,1190.22,-1769.04,2132.16,4
918,1,578.421,-759.858,954.963,5
919,1,182.042,-535.321,565.427,5
920,1,-117.758,22.9157,119.967,5
921,1,-818.182,1533.36,1737.99,5
922,1,655.178,-829.155,1056.77,5
923,1,-1220.18,-2120.2,2446.25,3
924,1,-837.199,2634.85,2764.66,2
925,1,-783.242,2592.2,2707.94,2
926,1,-448.916,932.617,1035.04,5
927,1,1391.23,-2248.66,2644.24,3
928,1,2118.84,1160.98,2416.06,3
929,1,960.937,-2273.53,2468.27,3
930,1,488.365,-2178.87,2232.93,3
931,1,-1311.33,1772.19,2204.6,3
932,1,-2003.31,1770.89,2673.82,3
933,1,1769.54,2229.28,2846.22,2
934,1,1035.9,1002.4,1441.49,5
935,1,-242.48,2863.97,2874.21,2
936,1,-2630.04,842.121,2761.57,2
937,1,-805.071,155.56,819.963,5
938,1,-1218.51,-1223.76,1726.95,5
939,1,441.792,-269.116,517.304,5
940,1,683.931,-599.22,909.3,5
941,1,1582.38,-955.994,1848.74,4
942,1,-325.108,-821.597,883.582,5
943,1,1247.78,-2125,2464.26,3
944,1,243.808,-2888.34,2898.62,2
945,1,74.6671,1599.5,1601.24,5
946,1,1912.72,1875.73,2678.97,3
947,1,-590.22,-2937.71,2996.41,2
948,1,1091.74,2223.81,2477.34,3
949,1,-2688.25,522.963,2738.65,2
950,1,-2669.64,-253.379,2681.64,3
951,1,1567.89,1667.29,2288.69,3
952,1,590.905,2544.68,2612.39,3
953,1,-40.5331,-2723,2723.3,2
954,1,-598.137,2215.06,2294.4,3
955,1,-2301.8,-1554.7,2777.66,2
956,1,328.668,-798.755,863.731,5
957,1,-510.056,2179.04,2237.94,3
958,1,-1927.05,-2271.94,2979.13,2
959,1,-2529.04,88.9618,2530.61,3
960,1,112.103,-2461.9,2464.45,3
961,1,-1204.04,-1342.64,1803.43,4
962,1,-2666.44,-229.921,2676.34,3
963,1,2304.95,-117.44,2307.94,3
964,1,-2924.86,-662.679,2998.99,2
965,1,-361.439,-1653.21,1692.26,5
966,1,-1808.48,-2332.36,2951.36,2
967,1,-196.467,2475.39,2483.17,3
968,1,-409.239,-775.555,876.904,5
969,1,807.93,465.466,932.422,5
970,1,-611.049,2805.62,2871.39,2
971,1,-2932.7,29.4263,2932.85,2
972,1,964.615,752.623,1223.49,5
973,1,7.35637,174.025,174.18,5
974,1,1224.43,1832.17,2203.65,3
975,1,-970.1,1386.14,1691.88,5
976,1,1446.97,1794.68,2305.34,3
977,1,-421.594,248.494,489.378,5
978,1,1083.09,6.13148,1083.11,5
979,1,-351.946,-2537.87,2562.16,3
980,1,-464.353,1395.96,1471.16,5
981,1,-1027.1,583.876,1181.46,5
982,1,1819,751.063,1967.96,4
983,1,-34.0579,2558.85,2559.08,3
984,1,985.274,-1001.26,1404.74,5
985,1,-1571.49,-760.05,1745.64,4
986,1,-1570.54,-1036.02,1881.47,4
987,1,2248.8,-702.386,2355.94,3
988,1,414.649,-543.252,683.416,5
989,1,-337.711,-2897.27,2916.89,2
990,1,-869.253,2691.05,2827.95,2
991,1,-1343.19,250.679,1366.38,5
992,1,2810.97,-55.476,2811.51,2
993,1,-710.112,2193.58,2305.66,3
994,1,1858.94,1759.76,2559.77,3
995,1,284.183,-377.283,472.338,5
996,1,1764.33,-1561.2,2355.89,3
997,1,2593.97,1028.27,2790.34,2
998,1,-2658.85,-359.413,2683.03,3
999,1,864.849,-2760.78,2893.07,2
1000,1,325.456,1212.57,1255.49,5
1001,1,1747.97,1868.08,2558.34,3
1002,1,-1676.06,-105.401,1679.37,5
1003,1,-1740.26,-2302.14,2885.88,2
1004,1,377.296,562.054,676.947,5
1005,1,-729.521,448.589,856.407,5
1006,1,-982.325,2039.3,2263.56,3
1007,1,-1374.57,1983.55,2413.28,3
1008,1,2336.77,-1790.36,2943.78,2
1009,1,2233.66,1594.8,2744.56,2
1010,1,528.116,-2399.91,2457.33,3
1011,1,-1198.43,2009.58,2339.8,3
1012,1,-368.107,-851.673,927.82,5
1013,1,-1676.06,-224.821,1691.07,5
1014,1,-1796.15,25.4702,1796.33,4
1015,1,-1666.32,-1556.03,2279.89,3
1016,1,2509.86,262.1,2523.51,3
1017,1,168.537,-774.848,792.965,5
1018,1,2049.82,-1274.26,2413.61,3
1019,1,-797.446,-2234.44,2372.47,3
1020,1,-2025.21,306.368,2048.25,4
1021,1,1554.21,-1835.97,2405.49,3
1022,1,2978.47,-270.383,2990.72,2
1023,1,675.71,-2470.61,2561.35,3
1024,1,-181.114,-2878.47,2884.16,2
1025,1,1266.47,-798.646,1497.26,5
1026,1,-2341.41,-1387.62,2721.71,2
1027,1,2237.86,1852.03,2904.83,2
1028,1,1303.77,2573.9,2885.27,2
1029,1,2395.7,35.3271,2395.96,3
1030,1,-509.637,277.951,580.506,5
1031,1,-596.006,475.513,762.454,5
1032,1,1372.32,-2153.54,2553.62,3
1033,1,630.451,802.519,1020.54,5
1034,1,73.7154,1753.2,1754.75,4
1035,1,477.699,2867.23,2906.75,2
1036,1,1321.75,-2203.85,2569.83,3
1037,1,1587.94,1718.65,2339.93,3
1038,1,-713.668,-346.218,793.215,5
1039,1,625.253,-1903.96,2004,4
1040,1,-1134.16,2541.23,2782.83,2
1041,1,-2111.71,-2036.95,2934.03,2
1042,1,-2519.92,1550.72,2958.84,2
1043,1,-1977.1,700.226,2097.44,4
1044,1,-1553.43,1151.54,1933.7,4
1045,1,-1511.52,-569.346,1615.19,5
1046,1,-2685.08,145.956,2689.05,3
1047,1,-692.326,-1909.77,2031.39,4
1048,1,557.728,-878.745,1040.79,5
1049,1,-1657.93,1894.37,2517.41,3
1050,1,1499.77,886.043,1741.95,4
1051,1,2801.3,-233.491,2811.01,2
1052,1,-912.343,2161.82,2346.45,3
1053,1,885.351,-456.712,996.209,5
1054,1,415.262,2480.66,2515.18,3
1055,1,-1326.48,2131.01,2510.13,3
1056,1,470.523,-1537.57,1607.95,5
1057,1,191.486,-1476.52,1488.88,5
1058,1,2245.44,-752.331,2368.13,3
1059,1,537.34,2313.71,2375.29,3
1060,1,1197.19,1349.26,1803.82,4
1061,1,460.089,181.65,494.65,5
1062,1,-2865.14,-133.935,2868.26,2
1063,1,327.763,-783.312,849.121,5
1064,1,2556.35,569.214,2618.95,3
1065,1,2036.12,697.688,2152.34,4
1066,1,-1709.13,-377.508,1750.32,4
1067,1,744.799,2516.17,2624.09,3
1068,1,-494.703,95.6569,503.867,5
1069,1,-350.147,996.916,1056.62,5
1070,1,2308.87,-1039.17,2531.95,3
1071,1,1693.03,-2167.36,2750.24,2
1072,1,513.396,87.3657,520.777,5
1073,1,2476.2,-37.2213,2476.48,3
1074,1,1358.79,920.735,1641.36,5
1075,1,17.8248,426.904,427.276,5
1076,1,-1644.65,1086.26,1971,4
1077,1,1038.82,2404.99,2619.75,3
1078,1,1868.78,-38.1745,1869.17,4
1079,1,28.6039,2901.62,2901.76,2
1080,1,-2850.66,21.2788,2850.73,2
1081,1,430.463,-1344.47,1411.7,5
1082,1,571.711,892.718,1060.09,5
1083,1,2804.53,-434.932,2838.05,2
1084,1,1016.99,65.1132,1019.07,5
1085,1,1009.72,796.709,1286.19,5
1086,1,-1264.9,-2500.78,2802.47,2
1087,1,2100.25,2002.03,2901.58,2
1088,1,-1009.39,-2089.26,2320.32,3
1089,1,355.947,1557.35,1597.51,5
1090,1,-1134.64,-2747.42,2972.5,2
1091,1,-2043.64,-663.455,2148.64,4
1092,1,-2418.96,-815.984,2552.88,3
1093,1,-2678.76,120.365,2681.46,3
1094,1,-249.865,2421.78,2434.64,3
1095,1,-2575.13,-483.322,2620.1,3
1096,1,-1418.85,-779.21,1618.73,5
1097,1,16.5246,354.902,355.287,5
1098,1,-117.363,15.7042,118.409,5
1099,1,1507.08,-35.9827,1507.51,5
1100,1,-1987.51,566.23,2066.6,4
1101,1,135.004,1829.7,1834.68,4
1102,1,-702.759,2007.03,2126.51,4
1103,1,-799.484,-919.34,1218.34,5
1104,1,-792.605,2283.65,2417.29,3
1105,1,-412.209,1604.66,1656.76,5
1106,1,-1944.51,-1586.76,2509.77,3
1107,1,-982.966,-925.388,1350.02,5
1108,1,-2322.01,187.491,2329.57,3
1109,1,-1017.94,2506.32,2705.15,2
1110,1,-1145.12,-1429.37,1831.51,4
1111,1,-864.644,-452.527,975.905,5
1112,1,551.658,779.834,955.232,5
1113,1,106.835,-1086.5,1091.74,5
1114,1,-972.799,2107.65,2321.32,3
1115,1,235.27,2568.23,2578.98,3
1116,1,-165.589,2802.3,2807.19,2
1117,1,-357.32,-1870.23,1904.06,4
1118,1,-1656.94,-2489.01,2990.08,2
1119,1,1083.55,-1788.12,2090.81,4
1120,1,2188.59,1772.07,2816.05,2
1121,1,538.316,1643.47,1729.39,5
1122,1,-2032.37,2195.92,2992.09,2
1123,1,-2002.41,1101.71,2285.48,3
1124,1,-1135.76,-802.858,1390.87,5
1125,1,1153.87,250.69,1180.79,5
1126,1,-1989.44,-668.948,2098.89,4
1127,1,1236.26,850.395,1500.5,5
1128,1,-1534.97,-728.883,1699.24,5
1129,1,-495.851,-218.382,541.81,5
1130,1,-338.422,2636.54,2658.17,3
1131,1,2497.47,297.763,2515.16,3
1132,1,-1889.95,-463.6,1945.97,4
1133,1,-2370.12,26.1732,2370.26,3
1134,1,-146.843,-304.923,338.439,5
1135,1,410.168,2238.33,2275.6,3
1136,1,-1909.15,-293.924,1931.64,4
1137,1,-1160.47,-2016.95,2326.97,3
1138,1,2202.2,1401.88,2610.54,3
1139,1,1875.74,406.928,1919.37,4
1140,1,-1257.16,2498.92,2797.33,2
1141,1,2611.94,-1115.42,2840.14,2
1142,1,-1740.72,-1309.59,2178.33,3
1143,1,750.001,-788.366,1088.13,5
1144,1,2006.75,1757.45,2667.52,3
1145,1,1063.66,-338.771,1116.31,5
1146,1,-1039.95,-1300.48,1665.15,5
1147,1,-1332.55,-481.945,1417.02,5
1148,1,1635.87,-431.589,1691.84,5
1149,1,-1491.44,1156.32,1887.19,4
1150,1,-864.796,-1361.64,1613.05,5
1151,1,-2134.29,-1290.8,2494.26,3
1152,1,-1262.52,774.383,1481.09,5
1153,1,-257.159,244.222,354.648,5
1154,1,-1613.9,2238.83,2759.9,2
1155,1,93.0537,762.32,767.978,5
1156,1,-261.168,2013.18,2030.05,4
1157,1,982.058,2380.53,2575.15,3
1158,1,-2471.11,-302.777,2489.59,3
1159,1,227.191,7.5956,227.318,5
1160,1,-237.217,-1422.78,1442.42,5
1161,1,1363.08,1762.23,2227.87,3
1162,1,-1413.03,-1588.32,2125.89,4
1163,1,-885.426,-2837.8,2972.72,2
1164,1,947.68,-736.554,1200.25,5
1165,1,-2274.94,-1428.22,2686.11,3
1166,1,-930.664,-645.854,1132.81,5
1167,1,2062.34,-1187.01,2379.54,3
1168,1,-1006.92,2103.23,2331.84,3
1169,1,507.384,-2133.55,2193.05,3
1170,1,-1652.8,-1513.18,2240.86,3
1171,1,-2610.97,1093.05,2830.53,2
1172,1,-2409.13,461.997,2453.03,3
1173,1,150.139,541.596,562.021,5
1174,1,117.437,478.073,492.286,5
1175,1,-340.75,2856.49,2876.74,2
1176,1,-1364.88,-1998.37,2420,3
1177,1,1196.34,-1670.09,2054.37,4
1178,1,652.537,2304.62,2395.22,3
1179,1,464.461,-2890.81,2927.88,2
1180,1,-730.353,391.312,828.578,5
1181,1,2301.12,701.993,2405.81,3
1182,1,1448.77,-733.766,1623.99,5
1183,1,-1310,1069,1690.82,5
1184,1,-801.874,-1580.98,1772.71,4
1185,1,138.852,-2542.82,2546.6,3
1186,1,1551.07,-1447.99,2121.91,4
1187,1,-813.099,2777.11,2893.69,2
1188,1,435.24,2033.02,2079.08,4
1189,1,1628.71,-1534.66,2237.83,3
1190,1,2428,546.991,2488.85,3
1191,1,848.884,2863.53,2986.7,2
1192,1,57.8673,350.894,355.634,5
1193,1,-883.634,-2523.37,2673.62,3
1194,1,709.592,1285.12,1468.01,5
1195,1,1322.86,-2510.45,2837.66,2
1196,1,177.446,2718.63,2724.41,2
1197,1,-1841.26,183.264,1850.36,4
1198,1,1059.09,1965.91,2233.04,3
1199,1,2443.52,1370.86,2801.79,2
1200,1,-1524.09,729.008,1689.47,5
1201,1,-1603.98,1446.79,2160.08,3
1202,1,254.075,2848.66,2859.97,2
1203,1,-2566.67,-1206.18,2835.96,2
1204,1,359.561,971.131,1035.56,5
1205,1,-1342.64,-1980.49,2392.7,3
1206,1,-2310.73,-358.611,2338.39,3
1207,1,803.506,-959.466,1251.48,5
1208,1,-362.806,648.714,743.275,5
1209,1,-448.905,2809.65,2845.29,2
1210,1,-1701.51,-1956.9,2593.19,3
1211,1,-985.471,1581.23,1863.18,4
1212,1,380.715,-2361.67,2392.16,3
1213,1,-1914.38,234.812,1928.72,4
1214,1,-2030.09,1607,2589.15,3
1215,1,2347.86,82.0672,2349.3,3
1216,1,936.867,2306.12,2489.16,3
1217,1,-490.705,-1262.48,1354.49,5
1218,1,2037.78,1604.1,2593.39,3
1219,1,688.783,82.6632,693.725,5
1220,1,465.337,12.6082,465.508,5
1221,1,2860.03,-431.162,2892.34,2
1222,1,1468.95,2428.26,2838,2
1223,1,-1757.26,-629.934,1866.75,4
1224,1,-1952.74,340.529,1982.21,4
1225,1,2494.7,957.74,2672.23,3
1226,1,1276.09,-1941.35,2323.2,3
1227,1,74.8539,657.824,662.07,5
1228,1,-965.541,-1846.53,2083.74,4
1229,1,1316.13,-852.073,1567.87,5
1230,1,1254.4,2168.16,2504.88,3
1231,1,-1203.96,-2210.17,2516.81,3
1232,1,1281.03,1798.82,2208.35,3
1233,1,-1607.47,1508.03,2204.12,3
1234,1,-1433.36,-2577.59,2949.32,2
1235,1,1689.34,167.834,1697.66,5
1236,1,-669.142,1686.84,1814.71,4
1237,1,671.214,-685.834,959.633,5
1238,1,2175.94,-783.828,2312.81,3
1239,1,353.104,-2278.86,2306.06,3
1240,1,-660.318,2604.84,2687.23,3
1241,1,1309.65,-2574.75,2888.69,2
1242,1,661.191,-2052.73,2156.59,4
1243,1,-2460.92,1404.64,2833.57,2
1244,1,-1569.96,-687.163,1713.76,5
1245,1,1637.97,-1230.41,2048.62,4
1246,1,-1229.16,-1383.69,1850.79,4
1247,1,-1301.57,-1581.59,2048.29,4
1248,1,-2530.21,644.908,2611.11,3
1249,1,2304.34,-1319.68,2655.47,3
1250,1,1884.21,-1921.74,2691.34,3
1251,1,-413.166,2287.05,2324.07,3
1252,1,-1784.85,-88.7272,1787.05,4
1253,1,-981.424,-833.092,1287.34,5
1254,1,-1242.91,-156.256,1252.69,5
1255,1,222.09,-1837.08,1850.46,4
1256,1,-1152.36,886.716,1454.03,5
1257,1,-2283.69,-771.104,2410.36,3
1258,1,418.475,1392.11,1453.65,5
1259,1,1564.75,-654.231,1696.01,5
1260,1,-404.95,-599.369,723.345,5
1261,1,1095.37,2298.65,2546.3,3
1262,1,-85.3237,1381.62,1384.26,5
1263,1,-1722.67,-1984.18,2627.65,3
1264,1,-449.96,-2727.21,2764.08,2
1265,1,1810.21,-1863.83,2598.22,3
1266,1,1397.65,2627.66,2976.25,2
1267,1,-1956.88,-2194.49,2940.27,2
1268,1,-343.302,1829.51,1861.44,4
1269,1,-18.7458,-1617.55,1617.66,5
1270,1,1933.93,1968.79,2759.75,2
1271,1,137.898,307.176,336.709,5
1272,1,2551.23,-845.991,2687.84,3
1273,1,1894.16,1867.01,2659.62,3
1274,1,-1431.37,2329.45,2734.08,2
1275,1,1466.91,2061.5,2530.14,3
1276,1,2583.75,73.7952,2584.8,3
1277,1,-1716.42,2322.78,2888.15,2
1278,1,-2399.71,-61.6386,2400.5,3
1279,1,-2100.16,-1750.98,2734.34,2
1280,1,482.526,-423.482,642.003,5
1281,1,-373.691,-1391.99,1441.27,5
1282,1,1082.06,-1176.94,1598.76,5
1283,1,-690.266,-535.709,873.757,5
1284,1,-397.777,1375.48,1431.84,5
1285,1,-1506.6,-2477.91,2899.98,2
1286,1,1900.19,1318.84,2313.02,3
1287,1,413,2689.63,2721.16,2
1288,1,1915.01,-485.261,1975.54,4
1289,1,910.874,-1178.05,1489.12,5
1290,1,-268.611,-2871.76,2884.3,2
1291,1,-1059.37,-1997.02,2260.61,3
1292,1,826.851,-1542.91,1750.5,4
1293,1,2108.01,-2091.54,2969.55,2
1294,1,502.259,2473.5,2523.98,3
1295,1,-1496.18,-2034.72,2525.6,3
1296,1,1915.17,815.938,2081.74,4
1297,1,-2341.03,-569.262,2409.25,3
1298,1,-1177.1,1872.09,2211.4,3
1299,1,457.227,-1991.59,2043.4,4
1300,1,321.715,-2668.82,2688.14,3
1301,1,-1798.38,1416.77,2289.42,3
1302,1,1986.34,-1443.99,2455.74,3
1303,1,-1579.08,-2322.64,2808.58,2
1304,1,-2087.87,950.673,2294.12,3
1305,1,-465.043,373.432,596.42,5
1306,1,1160.9,-606.423,1309.74,5
1307,1,850.69,1435.87,1668.95,5
1308,1,-1872.44,1470.29,2380.71,3
1309,1,500.342,2859,2902.45,2
1310,1,-2082.8,1953.52,2855.58,2
1311,1,-2585.98,-505.582,2634.94,3
1312,1,-2823.33,-460.384,2860.62,2
1313,1,-1469.05,-1527.78,2119.49,4
1314,1,1692.17,1196.32,2072.35,4
1315,1,1979.11,1603.69,2547.29,3
1316,1,-1888.02,1914.04,2688.53,3
1317,1,1773.34,-1966.93,2648.31,3
1318,1,-1763.62,6.75132,1763.64,4
1319,1,194.96,966.688,986.151,5
1320,1,-507.73,1746.74,1819.04,4
1321,1,452.681,422.69,619.344,5
1322,1,38.9026,845.813,846.707,5
1323,1,1131.4,-1791.72,2119.04,4
1324,1,700.441,-1236.11,1420.77,5
1325,1,719.308,2344.75,2452.61,3
1326,1,654.162,2079.32,2179.79,3
1327,1,2628.33,-267.341,2641.9,3
1328,1,286.222,-402.636,494.003,5
1329,1,-1947.55,-316.332,1973.07,4
1330,1,1001.85,-2520.45,2712.26,2
1331,1,-220.385,-2644.77,2653.94,3
1332,1,2428.95,1520.37,2865.54,2
1333,1,-214.099,684.681,717.375,5
1334,1,-2637.91,-14.1842,2637.95,3
1335,1,1569.9,2511.29,2961.61,2
1336,1,2117.6,1233.88,2450.86,3
1337,1,1031.27,-2177.86,2409.68,3
1338,1,-1724.08,-2448.36,2994.48,2
1339,1,-1594.33,-799.477,1783.55,4
1340,1,916.221,1544.74,1796.02,4
1341,1,235.861,694.522,733.479,5
1342,1,1579.65,-2381.63,2857.88,2
1343,1,-1939.85,-1357.88,2367.88,3
1344,1,1456.98,-2399.79,2807.45,2
1345,1,1454.97,-773.096,1647.61,5
1346,1,1447.96,-1454.21,2052.14,4
1347,1,-1822.38,-1661.55,2466.13,3
1348,1,-302.435,2600.14,2617.67,3
1349,1,-2937.62,477.536,2976.19,2
1350,1,439.048,1024.61,1114.72,5
1351,1,-384.776,-1038.89,1107.86,5
1352,1,1742.01,-510.789,1815.36,4
1353,1,-2354.59,-1142.66,2617.21,3
1354,1,2361.63,596.612,2435.83,3
1355,1,-206.155,-2037.96,2048.36,4
1356,1,402.759,2339.17,2373.59,3
1357,1,-1995.73,-374.753,2030.61,4
1358,1,-1099.56,-1833.91,2138.28,4
1359,1,-1286.55,2468.65,2783.78,2
1360,1,-1930.8,-1875.71,2691.89,3
1361,1,-232.763,2876.72,2886.12,2
1362,1,1412.32,-872.733,1660.22,5
1363,1,-1605.61,2070.55,2620.14,3
1364,1,875.508,-2587.17,2731.29,2
1365,1,2520.03,1439.18,2902.04,2
1366,1,2797.84,450.555,2833.88,2
1367,1,-2010.38,1108.05,2295.52,3
1368,1,872.414,829.825,1204.04,5
1369,1,1843.78,-608.226,1941.51,4
1370,1,716.075,488.965,867.093,5
1371,1,2589.51,-117.851,2592.19,3
1372,1,1795.18,-2232.93,2865.07,2
1373,1,-2527.43,-959.904,2703.57,2
1374,1,-2519.41,-483.423,2565.37,3
1375,1,1911.49,2105.31,2843.61,2
1376,1,453.822,2841.1,2877.12,2
1377,1,757.189,615.196,975.603,5
1378,1,-1329.32,-234.534,1349.85,5
1379,1,-2001.55,-329.925,2028.56,4
1380,1,688.82,-1381.67,1543.85,5
1381,1,2344.1,-707.266,2448.47,3
1382,1,1331.76,-1672.5,2137.95,4
1383,1,-2046.11,1235.91,2390.41,3
1384,1,-1283.72,-2098.14,2459.7,3
1385,1,388.313,-2442.4,2473.08,3
1386,1,-2680.73,306.836,2698.23,2
1387,1,1782.98,-937.792,2014.57,4
1388,1,1742.84,929.083,1975.01,4
1389,1,1329.32,-339.271,1371.93,5
1390,1,-2203.67,-533.459,2267.32,3
1391,1,2153.48,1980.88,2925.98,2
1392,1,-1007.99,476.499,1114.94,5
1393,1,785.126,-1919.25,2073.63,4
1394,1,2018.91,-1587.02,2568,3
1395,1,2400.64,720.553,2506.45,3
1396,1,-2929.84,246.819,2940.22,2
1397,1,-1693.73,-1351.9,2167.1,3
1398,1,560.553,-2816.69,2871.92,2
1399,1,2506.03,-515.711,2558.54,3
1400,1,-457.375,950.804,1055.09,5
1401,1,-2105.87,-671.037,2210.2,3
1402,1,2170.13,2034.88,2974.93,2
1403,1,465.119,1100.86,1195.08,5
1404,1,858.324,-2815.75,2943.67,2
1405,1,2880.49,-491.991,2922.21,2
1406,1,-172.936,-856.689,873.97,5
1407,1,686.294,778.157,1037.56,5
1408,1,1774.49,1622.19,2404.23,3
1409,1,-122.897,2738.73,2741.48,2
1410,1,1770.73,-2409.01,2989.78,2
1411,1,590.432,2189.23,2267.45,3
1412,1,498.684,655.82,823.884,5
1413,1,1.2433,-213.006,213.01,5
1414,1,988.242,2258.03,2464.82,3
1415,1,1177.46,-1333.83,1779.19,4
1416,1,1029.78,673.021,1230.2,5
1417,1,-1836.5,525.3,1910.15,4
1418,1,-555.67,-2382.7,2446.63,3
1419,1,-1394.41,2072.12,2497.61,3
1420,1,-6.8548,819.302,819.33,5
1421,1,-652.557,-1157.38,1328.66,5
1422,1,-524.736,933,1070.44,5
1423,1,-173.366,2749.47,2754.93,2
1424,1,-1398.29,2359.53,2742.73,2
1425,1,1092.28,-1189.88,1615.21,5
1426,1,-519.43,-2929.24,2974.94,2
1427,1,-2715.58,-753.821,2818.26,2
1428,1,312.644,-567.905,648.276,5
1429,1,2174.58,-182.159,2182.19,3
1430,1,1679.93,1387.38,2178.75,3
1431,1,-2186.45,785.934,2323.41,3
1432,1,1420.35,-2199.1,2617.9,3
1433,1,1882.03,1959.91,2717.21,2
1434,1,631.419,747.7,978.645,5
1435,1,1244.47,1317.22,1812.12,4
1436,1,412.48,-2085.76,2126.15,4
1437,1,356.92,-2823.22,2845.7,2
1438,1,483.819,-1861.72,1923.56,4
1439,1,1374.85,-2242.47,2630.37,3
1440,1,1008.26,-2467.77,2665.79,3
1441,1,2459.14,227.56,2469.65,3
1442,1,74.0182,1979.31,1980.69,4
1443,1,-2321.07,1007.79,2530.41,3
1444,1,-222.866,2744.47,2753.51,2
1445,1,-967.996,2480.57,2662.75,3
1446,1,1168.18,1.01968,1168.18,5
1447,1,-813.515,1447.97,1660.85,5
1448,1,2017.13,-1725.72,2654.6,3
1449,1,976.793,2242.77,2446.25,3
1450,1,186.801,633.71,660.668,5
1451,1,1209.89,198.754,1226.11,5
1452,1,-1116.18,1748.97,2074.79,4
1453,1,399.006,-2056.23,2094.59,4
1454,1,123.628,2372.02,2375.24,3
1455,1,1021.12,-2299.45,2515.98,3
1456,1,-117.48,-2194.28,2197.42,3
1457,1,-2507.43,163.554,2512.75,3
1458,1,-2720.18,110.498,2722.42,2
1459,1,1844.9,1718.78,2521.48,3
1460,1,2831.97,784.026,2938.49,2
1461,1,-1816.56,132.619,1821.4,4
1462,1,309,161.788,348.792,5
1463,1,955.045,648.054,1154.16,5
1464,1,-1169.51,-2328.44,2605.64,3
1465,1,-409.014,947.794,1032.28,5
1466,1,-280.723,2428.89,2445.06,3
1467,1,906.051,2631.94,2783.53,2
1468,1,-601.738,-144.313,618.801,5
1469,1,-1734.36,-1173.83,2094.25,4
1470,1,-655.952,-2114,2213.43,3
1471,1,-1105.09,-335.97,1155.03,5
1472,1,-2228.17,1734.17,2823.49,2
1473,1,1948.3,46.884,1948.86,4
1474,1,-567.902,-561.847,798.865,5
1475,1,1224.71,31.4109,1225.11,5
1476,1,-900.471,2593.7,2745.57,2
1477,1,973.817,2622.87,2797.81,2
1478,1,-1673.45,2452.01,2968.64,2
1479,1,-132.47,-2279.43,2283.28,3
1480,1,-599.148,-2620.01,2687.64,3
1481,1,2870.92,606.982,2934.39,2
1482,1,62.0275,-590.351,593.601,5
1483,1,-328.125,1366.55,1405.39,5
1484,1,-2762.02,78.9026,2763.15,2
1485,1,593.339,-1203,1341.37,5
1486,1,-1455.54,2100.93,2555.87,3
1487,1,-52.0765,2526.27,2526.81,3
1488,1,2061.5,-364.956,2093.55,4
1489,1,470.287,835.767,958.997,5
1490,1,2597.22,-355.77,2621.48,3
1491,1,-1232.96,2601.82,2879.18,2
1492,1,2718.19,804.3,2834.69,2
1493,1,-664.571,-1921.63,2033.3,4
1494,1,-1080.55,-396.228,1150.91,5
1495,1,2123.73,-626.943,2214.34,3
1496,1,-1561.13,2096.49,2613.88,3
1497,1,953.56,1792.02,2029.93,4
1498,1,366.938,2261.36,2290.94,3
1499,1,1326.28,-1399.08,1927.8,4
1500,1,-345.843,2014.44,2043.91,4
1501,1,-1103.55,81.0591,1106.52,5
1502,1,-2534.95,-104.024,2537.08,3
1503,1,967.166,-905.795,1325.09,5
1504,1,-659.51,269.119,712.305,5
1505,1,-1088.78,194.12,1105.95,5
1506,1,-410.374,1173.74,1243.41,5
1507,1,2242.25,-1339.72,2612,3
1508,1,1227.93,-854.596,1496.05,5
1509,1,608.998,-880.02,1070.19,5
1510,1,-2222.76,269.431,2239.03,3
1511,1,-1011.64,-1204.96,1573.32,5
1512,1,706.111,545.871,892.506,5
1513,1,-497.463,127.185,513.464,5
1514,1,-2059.94,-927.293,2259.03,3
1515,1,-2200.3,-1290.93,2551.04,3
1516,1,-1154.74,-2745.3,2978.27,2
1517,1,846.493,2226.37,2381.86,3
1518,1,633.968,-2222.13,2310.79,3
1519,1,1576.57,-1174.48,1965.96,4
1520,1,-1605.17,1498.55,2195.95,3
1521,1,909.537,-1540.75,1789.18,4
1522,1,-767.277,90.7201,772.622,5
1523,1,288.234,1392.28,1421.8,5
1524,1,-396.516,2160.04,2196.13,3
1525,1,-1271.13,1523.18,1983.9,4
1526,1,75.4225,-793.654,797.23,5
1527,1,1093.01,-2585.59,2807.13,2
1528,1,-959.309,348.686,1020.71,5
1529,1,-1157.68,1386.86,1806.54,4
1530,1,153.133,2255.77,2260.97,3
1531,1,-22.5307,-521.38,521.866,5
1532,1,2210.03,-814.283,2355.27,3
1533,1,1068.04,2363.7,2593.8,3
1534,1,-2448.34,-1021.52,2652.9,3
1535,1,-1714.55,-1357.87,2187.12,3
1536,1,-89.4278,1429.38,1432.17,5
1537,1,-959.015,870.775,1295.36,5
1538,1,2773.76,110.831,2775.97,2
1539,1,693.569,2077.48,2190.19,3
1540,1,-2512.72,1061.34,2727.68,2
1541,1,-960.518,-2143.93,2349.26,3
1542,1,-466.595,-2255.53,2303.29,3
1543,1,1066.41,-190.358,1083.27,5
1544,1,-502.203,1330.4,1422.03,5
1545,1,1285.7,-1419.33,1915.08,4
1546,1,-2691.48,-813.021,2811.59,2
1547,1,2420.39,420.228,2456.6,3
1548,1,1057.05,820.923,1338.38,5
1549,1,1993.72,1849.96,2719.79,2
1550,1,846.03,-1018.11,1323.75,5
1551,1,1496.65,254.181,1518.08,5
1552,1,-461.016,2700.77,2739.83,2
1553,1,342.198,-2039.63,2068.13,4
1554,1,-1173.04,2666.89,2913.48,2
1555,1,-320.199,-2466.54,2487.24,3
1556,1,612.913,2115.33,2202.33,3
1557,1,2643.05,-427.722,2677.44,3
1558,1,-963.076,2115.59,2324.48,3
1559,1,-408.786,-965.75,1048.7,5
1560,1,-433.797,498.661,660.941,5
1561,1,-391.995,-813.227,902.773,5
1562,1,-1055.13,-330.014,1105.54,5
1563,1,-2634.13,411.098,2666.02,3
1564,1,-1836.35,1754.96,2540.09,3
1565,1,109.325,-2460.33,2462.75,3
1566,1,2490.03,-1562.51,2939.68,2
1567,1,-784.691,1065.86,1323.55,5
1568,1,-1187.43,1034.31,1574.73,5
1569,1,1300.41,1526.19,2005.08,4
1570,1,-662.626,-1617.3,1747.78,4
1571,1,824.244,1780.11,1961.67,4
1572,1,-1289.32,-1901.87,2297.71,3
1573,1,555.198,1252.91,1370.41,5
1574,1,-1700.33,-1326.92,2156.81,4
1575,1,-1734.84,-199.701,1746.29,4
1576,1,-1464.61,1314.76,1968.16,4
1577,1,627.7,-2800.46,2869.94,2
1578,1,13.9268,2452.8,2452.84,3
1579,1,-69.7079,-2629.38,2630.3,3
1580,1,-2244.86,1571.11,2740.04,2
1581,1,-2573.07,-1220.99,2848.07,2
1582,1,488.188,-516.378,710.615,5
1583,1,-1613.86,-1069.98,1936.33,4
1584,1,-1852.06,1849.74,2617.57,3
1585,1,904.879,1711.58,1936.06,4
1586,1,1460.57,2366.58,2781,2
1587,1,1640.93,-1481.47,2210.75,3
1588,1,62.0987,2194.7,2195.58,3
1589,1,-1188.85,264.947,1218.02,5
1590,1,-2740.5,-1023.02,2925.22,2
1591,1,266.65,-2426.88,2441.49,3
1592,1,312.708,1618.77,1648.7,5
1593,1,-2037.59,-1803.46,2721.08,2
1594,1,403.348,283.78,493.174,5
1595,1,-556.213,1837.58,1919.92,4
1596,1,-796.147,501.366,940.86,5
1597,1,-483.382,1942.9,2002.13,4
1598,1,1756.37,-405.358,1802.54,4
1599,1,93.8709,-641.468,648.3,5
1600,1,2565.98,702.139,2660.31,3
1601,1,-1598.3,1136.06,1960.91,4
1602,1,1862.82,-1644.74,2485,3
1603,1,-228.989,947.406,974.687,5
1604,1,1819.05,387.931,1859.95,4
1605,1,2075.44,-1353.76,2477.92,3
1606,1,-1387.35,554.437,1494.04,5
1607,1,-1382.08,-667.243,1534.71,5
1608,1,551.777,-2932.06,2983.53,2
1609,1,1163.29,-828.08,1427.92,5
1610,1,2245.32,-98.8793,2247.5,3
1611,1,383.701,85.5339,393.119,5
1612,1,2313.16,-1819.62,2943.08,2
1613,1,1818.16,1521.38,2370.72,3
1614,1,2258.8,-1772.58,2871.28,2
1615,1,2079.79,-1501.03,2564.89,3
1616,1,343.619,1520.26,1558.61,5
1617,1,-2325.56,-1038.73,2546.99,3
1618,1,-2497.07,30.3041,2497.25,3
1619,1,-176.321,2813.94,2819.46,2
1620,1,-2100.94,-1397.22,2523.13,3
1621,1,401.668,1445.6,1500.37,5
1622,1,-830.585,-2158.66,2312.94,3
1623,1,-222.593,-2713.52,2722.63,2
1624,1,-60.2548,-1180.28,1181.82,5
1625,1,2542.2,873.388,2688.04,3
1626,1,2170.38,1947.76,2916.22,2
1627,1,-1770.23,-484.912,1835.45,4
1628,1,1313.47,827.081,1552.18,5
1629,1,1448.11,-293.761,1477.61,5
1630,1,980.571,-1387.04,1698.64,5
1631,1,-282.196,821.888,868.984,5
1632,1,1296.73,510.468,1393.59,5
1633,1,-2699.65,-56.1154,2700.23,2
1634,1,-239.221,-1642.15,1659.48,5
1635,1,-997.8,2795.44,2968.18,2
1636,1,804.581,-890.476,1200.12,5
1637,1,2924.43,-604.881,2986.34,2
1638,1,1180.46,1143.28,1643.35,5
1639,1,1326.99,-2337.91,2688.26,3
1640,1,2575.44,656.529,2657.8,3
1641,1,-283.622,-609.581,672.332,5
1642,1,-1410.85,1358.54,1958.6,4
1643,1,1186.59,177.339,1199.77,5
1644,1,59.5656,-678.852,681.46,5
1645,1,-218.718,-1793.94,1807.23,4
1646,1,2324.93,847.839,2474.7,3
1647,1,1232.99,1757.2,2146.63,4
1648,1,-215.933,1422.97,1439.27,5
1649,1,-1311.9,762.696,1517.5,5
1650,1,-247.459,-1230.78,1255.41,5
1651,1,2347.34,1786.91,2950.1,2
1652,1,-1772.59,2375.79,2964.2,2
1653,1,-745.077,-1141.35,1363.01,5
1654,1,-2611.14,1106.91,2836.07,2
1655,1,-981.779,535.935,1118.53,5
1656,1,1926.79,1426.29,2397.26,3
1657,1,1676.59,2010.14,2617.56,3
1658,1,486.303,1269.65,1359.59,5
1659,1,1151.37,-577.816,1288.22,5
1660,1,-1328.05,814.231,1557.78,5
1661,1,2279.92,634.77,2366.63,3
1662,1,-1147.5,393.934,1213.24,5
1663,1,-85.5935,1178.75,1181.85,5
1664,1,-744.435,-2736.17,2835.63,2
1665,1,854.738,-2215.15,2374.34,3
1666,1,-1741.25,1772.52,2484.71,3
1667,1,-1403.03,1914.88,2373.88,3
1668,1,1563.26,1838.51,2413.28,3
1669,1,698.229,-1905.36,2029.27,4
1670,1,-2436.56,-1044.84,2651.14,3
1671,1,-2456.73,1593.22,2928.11,2
1672,1,2656.12,-1116.63,2881.29,2
1673,1,-2174.96,-993.333,2391.06,3
1674,1,118.662,2209.36,2212.55,3
1675,1,2640.59,-810.061,2762.05,2
1676,1,2068.35,945.42,2274.17,3
1677,1,481.271,2313.09,2362.63,3
1678,1,2473.06,-1176.43,2738.62,2
1679,1,-802.745,-12.6721,802.845,5
1680,1,1503.31,-1223.24,1938.1,4
1681,1,138.106,2124.34,2128.83,4
1682,1,-66.4081,-311.869,318.861,5
1683,1,917.304,-2830.07,2975.02,2
1684,1,1347.85,-1548.82,2053.18,4
1685,1,-1598.49,-2016.98,2573.59,3
1686,1,54.4923,-1339.9,1341.01,5
1687,1,125.871,-47.5711,134.56,5
1688,1,-2379.9,1642.07,2891.42,2
1689,1,-1507.19,1944.16,2459.95,3
1690,1,789.27,656.344,1026.52,5
1691,1,-1483.23,-1871.18,2387.74,3
1692,1,-2708.23,627.295,2779.93,2
1693,1,2214.99,1910.6,2925.16,2
1694,1,-2465,587.153,2533.96,3
1695,1,-1744.16,324.395,1774.07,4
1696,1,-2571.09,1148.77,2816.06,2
1697,1,-1320.08,-1453.7,1963.64,4
1698,1,-2709.09,1273.32,2993.41,2
1699,1,1101.41,1473.1,1839.33,4
1700,1,-1473.51,1550.06,2138.67,4
1701,1,1982.77,-1455.96,2459.92,3
1702,1,2512.13,-1175.18,2773.42,2
1703,1,574.692,2796.93,2855.36,2
1704,1,515.979,-1471.18,1559.04,5
1705,1,1675.39,-996.457,1949.32,4
1706,1,1930.44,-12.9901,1930.49,4
1707,1,-2038.75,-2059.89,2898.22,2
1708,1,1832.17,-1866.64,2615.57,3
1709,1,430.163,-2786.43,2819.44,2
1710,1,-2525.17,1024.83,2725.21,2
1711,1,-1836.08,-1294.72,2246.66,3
1712,1,1625.7,-1152.69,1992.89,4
1713,1,-141.021,2291.83,2296.17,3
1714,1,137.541,-2740.47,2743.92,2
1715,1,-1133.2,-542.171,1256.22,5
1716,1,1944,-362.692,1977.55,4
1717,1,-568.355,755.344,945.289,5
1718,1,-736.747,-199.435,763.263,5
1719,1,1371.63,513.959,1464.76,5
1720,1,-26.0788,-2210.74,2210.89,3
1721,1,2529.7,-1326.44,2856.37,2
1722,1,424.504,-2155.57,2196.97,3
1723,1,540.164,-2436.88,2496.03,3
1724,1,1281.35,2550.08,2853.9,2
1725,1,-2455.13,-1722.52,2999.13,2
1726,1,-430.262,918.274,1014.08,5
1727,1,-1483.92,577.06,1592.17,5
1728,1,1625.52,2459.44,2948.08,2
1729,1,34.3654,-898.828,899.484,5
1730,1,-413.229,1838.18,1884.06,4
1731,1,887.87,2017.56,2204.29,3
1732,1,2516,-565.287,2578.73,3
1733,1,-1179.98,-2731.35,2975.34,2
1734,1,2015.01,-164.963,2021.75,4
1735,1,-1434.22,-1580.06,2133.91,4
1736,1,-1793.03,591.579,1888.1,4
1737,1,-1728.63,-468.709,1791.04,4
1738,1,2719.03,-294.086,2734.89,2
1739,1,2179.94,-894.123,2356.19,3
1740,1,-1832.56,13.6334,1832.61,4
1741,1,-1548.49,-2181.98,2675.6,3
1742,1,823.078,-2464.71,2598.51,3
1743,1,1023.88,-1064.5,1476.99,5
1744,1,2716.83,928.526,2871.12,2
1745,1,713.764,1126.76,1333.81,5
1746,1,-811.071,2259.22,2400.4,3
1747,1,733.49,1432.93,1609.75,5
1748,1,1254.76,-1032.7,1625.08,5
1749,1,-260.981,-1908.74,1926.5,4
1750,1,-397.392,1486.46,1538.66,5
1751,1,2210.89,-1440.23,2638.62,3
1752,1,481.961,-797.509,931.83,5
1753,1,-1618.36,638.984,1739.94,5
1754,1,-13.8442,-1695.39,1695.44,5
1755,1,1143.41,828.185,1411.84,5
1756,1,2880.02,196.413,2886.71,2
1757,1,-1984.48,2225.89,2982.07,2
1758,1,-221.277,-1120.77,1142.41,5
1759,1,-2088.36,-1038.24,2332.21,3
1760,1,-2177.88,-53.673,2178.54,3
1761,1,-1036.67,1958.98,2216.37,3
1762,1,-1081.25,-2190.85,2443.14,3
1763,1,2581.37,469.792,2623.77,3
1764,1,-1686.08,-841.154,1884.25,4
1765,1,-301.308,2809.78,2825.88,2
1766,1,-2036.07,54.3319,2036.8,4
1767,1,1923.28,-881.984,2115.87,4
1768,1,-148.906,-2508.02,2512.43,3
1769,1,-2500.8,-306.72,2519.54,3
1770,1,-67.9464,-1656.15,1657.54,5
1771,1,-123.441,11.1296,123.942,5
1772,1,-2049.76,2183.62,2994.94,2
1773,1,1524.02,2560.12,2979.4,2
1774,1,-1433.57,-1147.33,1836.17,4
1775,1,473.864,-864.626,985.964,5
1776,1,-476.392,2396.6,2443.49,3
1777,1,624.722,2833.05,2901.11,2
1778,1,2275.66,-142.942,2280.14,3
1779,1,1745.56,1001.22,2012.32,4
1780,1,165.786,1043.39,1056.48,5
1781,1,878.882,-1821.63,2022.56,4
1782,1,-1676.17,-2132.59,2712.47,2
1783,1,353.818,-2072.72,2102.71,4
1784,1,-2442.95,-1083.99,2672.64,3
1785,1,2095.04,1221.59,2425.18,3
1786,1,-445.008,2762.93,2798.54,2
1787,1,-447.958,7.00334,448.012,5
1788,1,-1955.22,-2081.23,2855.59,2
1789,1,-22.5933,219.182,220.344,5
1790,1,-2222.21,1383.01,2617.43,3
1791,1,-649.139,2743.72,2819.46,2
1792,1,185.018,-1706.39,1716.39,5
1793,1,-1675.42,-833.245,1871.19,4
1794,1,-2194.63,922.582,2380.66,3
1795,1,-1701.1,2248.01,2819.09,2
1796,1,-747.108,-1691.8,1849.42,4
1797,1,582.459,2136.02,2214.01,3
1798,1,1486.63,164.583,1495.71,5
1799,1,1747.96,-1859.9,2552.38,3
1800,1,1947.37,-464.559,2002.01,4
1801,1,-926.372,-455.422,1032.27,5
1802,1,1127.64,2760.33,2981.78,2
1803,1,-709.328,-2297.8,2404.79,3
1804,1,252.956,1968.02,1984.21,4
1805,1,2298.75,-1179.34,2583.62,3
1806,1,723.223,-1498.15,1663.58,5
1807,1,2552.9,35.5131,2553.15,3
1808,1,464.135,1690.43,1752.99,4
1809,1,-249.049,-1913.73,1929.87,4
1810,1,-861.517,-1820.68,2014.22,4
1811,1,459.019,1222.21,1305.56,5
1812,1,2732.46,-824.078,2854.02,2
1813,1,-439.993,-1544.57,1606.02,5
1814,1,-619.712,-895.365,1088.91,5
1815,1,-2614.83,-844.336,2747.77,2
1816,1,572.847,1285.59,1407.44,5
1817,1,-2119.74,-1930.17,2866.86,2
1818,1,2035.65,499.729,2096.09,4
1819,1,1825.98,290.015,1848.87,4
1820,1,1524.47,1070.35,1862.7,4
1821,1,-82.7328,-2853.76,2854.96,2
1822,1,-2629.89,172.782,2635.56,3
1823,1,640.166,592.163,872.049,5
1824,1,-142.826,-2157.26,2161.99,3
1825,1,581.619,396.613,703.976,5
1826,1,1495.21,-2564.88,2968.88,2
1827,1,2260.61,795.149,2396.38,3
1828,1,-1821.13,912.632,2037.01,4
1829,1,-1650.94,-2434.21,2941.26,2
1830,1,339.572,2268.71,2293.98,3
1831,1,1830.94,512.914,1901.42,4
1832,1,-573.42,-2036.01,2115.22,4
1833,1,999.883,918.677,1357.84,5
1834,1,286.991,-544.146,615.19,5
1835,1,2019.43,1928.47,2792.33,2
1836,1,1081.57,1716.86,2029.14,4
1837,1,183.006,1647,1657.13,5
1838,1,2293.89,-1573.23,2781.54,2
1839,1,2964.36,331.511,2982.84,2
1840,1,-704.878,799.891,1066.15,5
1841,1,-474.636,-66.5454,479.278,5
1842,1,-1749.21,-672.278,1873.95,4
1843,1,163.016,765.17,782.342,5
1844,1,-694.333,966.049,1189.68,5
1845,1,-2941.05,124.338,2943.67,2
1846,1,2335.27,374.255,2365.07,3
1847,1,-1260.41,2233.92,2564.96,3
1848,1,-983.176,-1874.64,2116.82,4
1849,1,250.513,465.447,528.581,5
1850,1,-2014.76,2175.77,2965.34,2
1851,1,-596.69,-2277.07,2353.95,3
1852,1,-320.734,1331.68,1369.76,5
1853,1,1339.83,-2290.49,2653.58,3
1854,1,-549.066,-2941.97,2992.76,2
1855,1,-2248.49,1531.27,2720.38,2
1856,1,2329.2,-526.554,2387.97,3
1857,1,-1777.45,688.465,1906.12,4
1858,1,-1733.56,1479.46,2279.04,3
1859,1,2656.21,-186.717,2662.77,3
1860,1,176.3,755.093,775.401,5
1861,1,1048.44,-561.761,1189.46,5
1862,1,-2549.7,1366.5,2892.8,2
1863,1,-579.048,-15.2774,579.249,5
1864,1,2068.39,-54.306,2069.1,4
1865,1,-1194.13,1749.99,2118.59,4
1866,1,1243.83,158.728,1253.92,5
1867,1,-2284.07,-1056.1,2516.41,3
1868,1,226.962,-1286.52,1306.39,5
1869,1,284.761,-1642.61,1667.11,5
1870,1,794.365,989.443,1268.86,5
1871,1,-321.768,2819.15,2837.45,2
1872,1,1371.09,-61.238,1372.46,5
1873,1,-2126.48,808.844,2275.12,3
1874,1,2575.52,-1170.41,2828.99,2
1875,1,1364.49,2025.52,2442.25,3
1876,1,1403.9,-1526.51,2073.93,4
1877,1,-176.332,-1972.73,1980.6,4
1878,1,-29.0437,1871.07,1871.3,4
1879,1,-1589.2,2038.63,2584.87,3
1880,1,-373.605,1115.51,1176.41,5
1881,1,1790.25,2162.94,2807.72,2
1882,1,1607.22,-123.228,1611.93,5
1883,1,1988.48,-1708.34,2621.54,3
1884,1,1388.34,-2598.56,2946.18,2
1885,1,-179.868,828.893,848.184,5
1886,1,-1566.44,-687.448,1710.65,5
1887,1,2277.32,1608.35,2788.01,2
1888,1,1817.31,-1857.55,2598.67,3
1889,1,-1661.55,2389.65,2910.53,2
1890,1,99.7556,2314.51,2316.66,3
1891,1,2276.63,-1800.72,2902.69,2
1892,1,-75.8745,-2696.84,2697.91,2
1893,1,755.498,2481.31,2593.78,3
1894,1,2031.16,-150.963,2036.76,4
1895,1,-1.60245,320.665,320.669,5
1896,1,1580.89,-283.551,1606.11,5
1897,1,784.657,-2305.34,2435.22,3
1898,1,-2754.15,-877.406,2890.54,2
1899,1,1090.36,-481.778,1192.05,5
1900,1,-2202,817.749,2348.94,3
1901,1,-631.463,1554.88,1678.21,5
1902,1,1429.52,-1050.65,1774.08,4
1903,1,-1684.79,42.3266,1685.32,5
1904,1,-1679.91,1468.45,2231.24,3
1905,1,2004.19,-553.678,2079.26,4
1906,1,1644.63,46.1148,1645.28,5
1907,1,1077.66,1756.16,2060.45,4
1908,1,-1068.62,2231.8,2474.45,3
1909,1,228.458,-1601.93,1618.14,5
1910,1,1044.95,1662.91,1963.97,4
1911,1,593.426,-1068.25,1222.01,5
1912,1,-2736.4,-605.864,2802.67,2
1913,1,-1370.63,-1604.23,2110.02,4
1914,1,-857.022,-1157.4,1440.16,5
1915,1,659.414,198.248,688.57,5
1916,1,2008.4,-1303.05,2394.08,3
1917,1,-878.579,855.988,1226.63,5
1918,1,-318.068,2825.3,2843.15,2
1919,1,-1968.26,1742.48,2628.75,3
1920,1,-2048.92,2166.3,2981.77,2
1921,1,-1022.53,-1471.91,1792.23,4
1922,1,-1515.21,1410,2069.78,4
1923,1,907.463,2796.92,2940.45,2
1924,1,-915.114,1115.15,1442.57,5
1925,1,-1416.13,-135.999,1422.65,5
1926,1,-2478.11,-1101.61,2711.93,2
1927,1,589.067,-1311.3,1437.54,5
1928,1,339.726,2371.07,2395.29,3
1929,1,-2209.26,1830.76,2869.24,2
1930,1,1360.83,-1836.28,2285.56,3
1931,1,1819.25,1213.18,2186.66,3
1932,1,1078.14,1263.04,1660.62,5
1933,1,1073.38,-2321.71,2557.83,3
1934,1,195.865,160.43,253.182,5
1935,1,-2877.5,-251.7,2888.48,2
1936,1,265.657,1851.18,1870.14,4
1937,1,408.728,-258.595,483.663,5
1938,1,-1385.39,-2345.38,2723.99,2
1939,1,1070.49,-1147.78,1569.51,5
1940,1,-622.024,1838.08,1940.48,4
1941,1,-1361.35,-1440.25,1981.81,4
1942,1,-105.106,-506.992,517.772,5
1943,1,-1808.91,702.252,1940.44,4
1944,1,789.612,904.916,1200.98,5
1945,1,-2101.73,-1549.11,2610.94,3
1946,1,995.686,-2484.2,2676.31,3
1947,1,-556.066,-1713.02,1801.01,4
1948,1,1176.6,2505.5,2768.02,2
1949,1,1219.63,1800.93,2175.05,3
1950,1,241.335,613.068,658.859,5
1951,1,835.042,-2478.67,2615.55,3
1952,1,1427.99,-915.859,1696.45,5
1953,1,-59.7528,2700.85,2701.51,2
1954,1,-1524.73,-1337.69,2028.35,4
1955,1,-1382.18,-2597.25,2942.13,2
1956,1,-1172.97,-111.188,1178.23,5
1957,1,-1470.35,1234.64,1919.97,4
1958,1,2685.35,57.6653,2685.97,3
1959,1,-1805.92,1725.01,2497.4,3
1960,1,401.964,2046.83,2085.92,4
1961,1,-2648.5,-1149.05,2887.02,2
1962,1,1066.3,-1738.19,2039.19,4
1963,1,612.634,1790.2,1892.13,4
1964,1,-858.519,-397.154,945.931,5
1965,1,-575.827,-2108.37,2185.59,3
1966,1,-979.422,-2257.04,2460.38,3
1967,1,308.782,2047.03,2070.18,4
1968,1,-1806.02,-180.931,1815.06,4
1969,1,-1668.6,1047.18,1969.98,4
1970,1,-1805.8,-1263.84,2204.13,3
1971,1,-2498.13,-893.559,2653.13,3
1972,1,-187.02,-2828.01,2834.19,2
1973,1,-330.152,1946.76,1974.56,4
1974,1,617.093,1278.03,1419.21,5
1975,1,131.498,-1446.2,1452.16,5
1976,1,66.4826,1282.15,1283.87,5
1977,1,107.907,2750.22,2752.34,2
1978,1,561.472,2164.1,2235.75,3
1979,1,-1596.07,-674.357,1732.68,5
1980,1,-705.122,-425.295,823.452,5
1981,1,57.329,129.752,141.853,5
1982,1,2115.01,525.195,2179.24,3
1983,1,-515.24,73.8441,520.505,5
1984,1,461.119,-115.763,475.428,5
1985,1,-2580.33,311.382,2599.05,3
1986,1,-1912.72,1252.34,2286.23,3
1987,1,1300.43,-500.469,1393.41,5
1988,1,-713.967,-1243.43,1433.83,5
1989,1,-1721.75,-579.873,1816.77,4
1990,1,-1539.99,971.417,1820.77,4
1991,1,-56.0574,-2292.43,2293.12,3
1992,1,2550.5,550.063,2609.14,3
1993,1,-1402.47,645.221,1543.77,5
1994,1,57.2105,-2336.79,2337.49,3
1995,1,-350.31,-355.731,499.261,5
1996,1,-1362.05,-2082.1,2488.03,3
1997,1,58.636,-2625.4,2626.05,3
1998,1,2697.66,-965.529,2865.24,2
1999,1,1643.17,-2468.01,2964.98,2
2000,1,-1204.85,1282.1,1759.39,4
2001,1,646.598,635.47,906.593,5
2002,1,240.334,2863.93,2874,2
2003,1,1879.54,1425.83,2359.17,3
2004,1,-2102.13,180.221,2109.84,4
2005,1,205.74,893.172,916.561,5
2006,1,938.758,2603.83,2767.89,2
2007,1,1466.01,1724.71,2263.58,3
2008,1,-2258.17,-1855.83,2922.91,2
2009,1,1245.14,-264.977,1273.03,5
2010,1,212.489,1654.8,1668.38,5
2011,1,1595.85,-2186.27,2706.76,2
2012,1,-1830.16,-739.815,1974.03,4
2013,1,-2944.83,571.093,2999.69,2
2014,1,-1989.83,2184.87,2955.18,2
2015,1,549.97,-971.005,1115.94,5
2016,1,1680.72,523.599,1760.39,4
2017,1,-649.28,-757.701,997.835,5
2018,1,-1537.62,1506.62,2152.71,4
2019,1,-307.63,-2505.3,2524.11,3
2020,1,-582.607,-2278.58,2351.88,3
2021,1,2185.12,3.78081,2185.12,3
2022,1,538.558,-1908.85,1983.37,4
2023,1,-2072,612.933,2160.76,3
2024,1,2301.28,797.737,2435.63,3
2025,1,-648.742,2752.28,2827.7,2
2026,1,-922.069,1678.43,1915.03,4
2027,1,-168.497,-245.381,297.662,5
2028,1,85.3653,1521.7,1524.1,5
2029,1,1316.27,835.686,1559.14,5
2030,1,-987.565,-1384.73,1700.81,5
2031,1,-706.077,-865.715,1117.14,5
2032,1,1369.26,-1581.17,2091.64,4
2033,1,-576.539,1267.62,1392.57,5
2034,1,-191.184,2847.04,2853.45,2
2035,1,-2277.43,-33.9959,2277.69,3
2036,1,1386.48,1612.17,2126.36,4
2037,1,465.929,-777.424,906.354,5
2038,1,2182.24,-132.218,2186.24,3
2039,1,-2893.27,205.799,2900.58,2
2040,1,274.843,-916.882,957.19,5
2041,1,-2504.31,-868.782,2650.73,3
2042,1,2212.45,-445.471,2256.85,3
2043,1,-601.225,186.988,629.631,5
2044,1,-1768.58,850.207,1962.33,4
2045,1,2813.52,818.114,2930.06,2
2046,1,-658.855,-636.603,916.162,5
2047,1,-2262.78,-1265.81,2592.77,3
2048,1,1981.85,-573.931,2063.28,4
2049,1,480.939,-1593.2,1664.21,5
2050,1,-1401.56,-1687.55,2193.68,3
2051,1,-15.4947,149.599,150.4,5
2052,1,1585.26,-281.478,1610.06,5
2053,1,-736.814,-2602.84,2705.12,2
2054,1,-243.28,2676,2687.03,3
2055,1,-2617.65,-1189.08,2875.07,2
2056,1,-1992.54,1389.12,2428.96,3
2057,1,804.676,-1952.78,2112.08,4
2058,1,227.015,1377.29,1395.88,5
2059,1,-2410.46,176.601,2416.92,3
2060,1,-2227.12,823.343,2374.44,3
2061,1,-1527.71,-1279.79,1992.93,4
2062,1,-1320.93,2444.44,2778.51,2
2063,1,-1156.94,504.283,1262.06,5
2064,1,1768.65,-2285.04,2889.55,2
2065,1,2445.04,1610.24,2927.64,2
2066,1,-2014.89,-186.156,2023.47,4
2067,1,741.61,204.732,769.351,5
2068,1,-1122.83,-2644.49,2872.99,2
2069,1,-944.055,2575.72,2743.28,2
2070,1,-260.719,-833.685,873.501,5
2071,1,2111.56,2098.27,2976.81,2
2072,1,302.055,1271.25,1306.64,5
2073,1,555.972,-1759.14,1844.91,4
2074,1,-2614.79,1287.59,2914.62,2
2075,1,-1095.52,448.078,1183.61,5
2076,1,2051.25,801.271,2202.19,3
2077,1,-136.581,1540.57,1546.62,5
2078,1,-2.52634,2359.18,2359.18,3
2079,1,-2181.89,-1490.42,2642.35,3
2080,1,807.124,546.006,974.459,5
2081,1,-2712.94,-865.567,2847.67,2
2082,1,663.825,-804.523,1043.03,5
2083,1,-1014.41,-617.36,1187.5,5
2084,1,1884.68,1512.01,2416.24,3
2085,1,-649.575,-1566.45,1695.79,5
2086,1,-1184.17,1196.51,1683.42,5
2087,1,-1166.24,-2110.53,2411.32,3
2088,1,-2949.88,-520.272,2995.4,2
2089,1,1538.06,-1088.7,1884.38,4
2090,1,-2480.22,-91.985,2481.93,3
2091,1,1925.34,-1049.59,2192.85,3
2092,1,1914.09,-1863.58,2671.45,3
2093,1,2053.55,1130.26,2344.04,3
2094,1,1215.32,-279.386,1247.02,5
2095,1,-1461.46,-526.947,1553.55,5
2096,1,-1199.46,1635.43,2028.14,4
2097,1,992.995,-1111.8,1490.69,5
2098,1,-2608.27,-337.385,2630,3
2099,1,-1599.14,-868.588,1819.81,4
2100,1,-661.389,1128.08,1307.67,5
2101,1,-2278.59,580.208,2351.3,3
2102,1,718.564,-792.877,1070.04,5
2103,1,-104.913,2108,2110.61,4
2104,1,1996.13,-1037.65,2249.72,3
2105,1,292.822,-2561.54,2578.22,3
2106,1,581.632,-2184.03,2260.15,3
2107,1,1736.14,-1740.29,2458.21,3
2108,1,-1135.9,-2497.91,2744.05,2
2109,1,355.964,955.077,1019.26,5
2110,1,378.197,-171.783,415.382,5
2111,1,16.0304,-1043.97,1044.1,5
2112,1,-915.209,2178.08,2362.55,3
2113,1,1008.06,-624.686,1185.93,5
2114,1,-1996.34,1159.98,2308.88,3
2115,1,5.63664,2258.72,2258.73,3
2116,1,-635.568,1426.58,1561.75,5
2117,1,1374.27,1194.56,1820.88,4
2118,1,-2913.45,-86.6343,2914.74,2
2119,1,-1064.37,344.353,1118.69,5
2120,1,412.19,-1183.2,1252.95,5
2121,1,-1666.17,2052.33,2643.52,3
2122,1,1766.28,-544.088,1848.18,4
2123,1,52.7378,-1307.35,1308.42,5
2124,1,-397.899,167.812,431.839,5
2125,1,46.846,548.732,550.728,5
2126,1,278.698,2185.77,2203.46,3
2127,1,-2710.2,141.116,2713.87,2
2128,1,1588.54,1663.43,2300.1,3
2129,1,308.601,-733.694,795.953,5
2130,1,266.149,-786.072,829.907,5
2131,1,1685.57,-538.494,1769.5,4
2132,1,-2297.06,-157.609,2302.46,3
2133,1,-1400.34,898.804,1663.97,5
2134,1,-1888.76,1527.13,2428.9,3
2135,1,-1678.33,1319.16,2134.71,4
2136,1,93.0997,692.326,698.558,5
2137,1,-310.618,-615.269,689.232,5
2138,1,1382.69,2514.5,2869.59,2
2139,1,-1377.23,-158.835,1386.36,5
2140,1,2289.57,-1160.65,2566.95,3
2141,1,-2231.09,-1322.53,2593.61,3
2142,1,-1951.89,-226.416,1964.98,4
2143,1,2010.82,364.554,2043.6,4
2144,1,-696.705,-162.752,715.462,5
2145,1,468.635,-735.31,871.952,5
2146,1,1639.72,1943.74,2542.99,3
2147,1,-996.345,2526.66,2716.01,2
2148,1,2314.48,199.494,2323.06,3
2149,1,-586.412,-617.059,851.258,5
2150,1,1169.71,2260.74,2545.42,3
2151,1,192.824,1965.24,1974.67,4
2152,1,-2209,20.2871,2209.1,3
2153,1,1185.12,1529.97,1935.28,4
2154,1,527.757,1946.07,2016.36,4
2155,1,371.858,-2593.03,2619.56,3
2156,1,282.351,-2389.35,2405.97,3
2157,1,-288.389,2687.96,2703.38,2
2158,1,1433.35,401.226,1488.45,5
2159,1,219.98,-1997.5,2009.58,4
2160,1,-278.637,-2071.03,2089.69,4
2161,1,-1699.56,858.053,1903.88,4
2162,1,-226.825,-1010.75,1035.89,5
2163,1,1913.08,425.987,1959.94,4
2164,1,2625.67,-1444.38,2996.73,2
2165,1,-286.32,-457.057,539.333,5
2166,1,-1094.49,89.3751,1098.13,5
2167,1,-937.717,-1158.93,1490.79,5
2168,1,-1217.48,-437.505,1293.71,5
2169,1,1144.89,-2049.53,2347.63,3
2170,1,1646.23,1097,1978.25,4
2171,1,-2346.37,-1867.89,2999.08,2
2172,1,2387.23,-1348.03,2741.54,2
2173,1,-909.071,-480.715,1028.35,5
2174,1,-2243.33,-725.689,2357.79,3
2175,1,-2357.97,-1225.67,2657.5,3
2176,1,193.365,29.7174,195.635,5
2177,1,-2642.58,176.535,2648.47,3
2178,1,-838.62,-979.012,1289.09,5
2179,1,-1468.93,-1017.99,1787.19,4
2180,1,780.548,570.331,966.713,5
2181,1,1951.08,-1678.55,2573.76,3
2182,1,-188.949,1858.92,1868.5,4
2183,1,-251.358,-2729.99,2741.54,2
2184,1,1522.22,-1540.65,2165.81,3
2185,1,-89.7967,2735.61,2737.08,2
2186,1,-281.946,1571.58,1596.67,5
2187,1,-2708.98,941.115,2867.8,2
2188,1,-85.4587,2409.72,2411.24,3
2189,1,-2681.36,467.125,2721.75,2
2190,1,272.597,-386.912,473.297,5
2191,1,611.247,1021.96,1190.81,5
2192,1,1051.44,-305.194,1094.83,5
2193,1,-807.096,-422.765,911.117,5
2194,1,355.328,-398.714,534.07,5
2195,1,2672.93,-602.128,2739.91,2
2196,1,-1291.23,2306.16,2643.04,3
2197,1,530.285,554.783,767.454,5
2198,1,2319.48,-1192.64,2608.14,3
2199,1,-1681.39,1000.08,1956.33,4
2200,1,-1571.3,-1371.81,2085.87,4
2201,1,2632.2,1221.96,2902.01,2
2202,1,-910.926,-1255.09,1550.82,5
2203,1,-429.087,-993.801,1082.48,5
2204,1,12.0035,-344.041,344.25,5
2205,1,1214.21,-868.386,1492.78,5
2206,1,-1364.99,1579.57,2087.64,4
2207,1,-1219.06,1513.64,1943.51,4
2208,1,-396.211,1033.48,1106.82,5
2209,1,-887.429,145.881,899.339,5
2210,1,-1283.66,-887.191,1560.42,5
2211,1,-2230.97,604.507,2311.42,3
2212,1,-153.815,894.889,908.012,5
2213,1,1526.2,967.488,1807.02,4
2214,1,-1283.11,760.93,1491.77,5
2215,1,-112.862,-1900.81,1904.16,4
2216,1,2326.63,-832.937,2471.23,3
2217,1,1894.45,310.331,1919.7,4
2218,1,-1109.04,1370.25,1762.82,4
2219,1,548.187,4.32528,548.204,5
2220,1,-1936.82,-682.404,2053.52,4
2221,1,-1207.82,-735.703,1414.24,5
2222,1,-1545.93,-1442.62,2114.49,4
2223,1,1481.17,-1047.22,1813.98,4
2224,1,-1843.07,-151.302,1849.27,4
2225,1,-1454.06,-1720.08,2252.32,3
2226,1,664.986,-746.4,999.66,5
2227,1,-2075.94,-1304.54,2451.8,3
2228,1,139.696,1074.94,1083.98,5
2229,1,-224.096,2474.86,2484.99,3
2230,1,-973.319,-511.835,1099.69,5
2231,1,-2553.36,-130.183,2556.68,3
2232,1,809.938,-1641.85,1830.76,4
2233,1,-782.787,-710.158,1056.92,5
2234,1,1916.91,-1442.97,2399.31,3
2235,1,652.33,1666.37,1789.5,4
2236,1,1384.73,1505.2,2045.27,4
2237,1,978.963,-2548.51,2730.07,2
2238,1,2243.27,1340.24,2613.14,3
2239,1,-1737.96,-1953.47,2614.68,3
2240,1,54.5643,1413.63,1414.68,5
2241,1,1895.24,-1841.93,2642.85,3
2242,1,-1259.4,1377.49,1866.44,4
2243,1,-1101.3,-1663.87,1995.32,4
2244,1,-1730.68,2194.55,2794.87,2
2245,1,-2630.96,564.357,2690.81,3
2246,1,2472.25,-1447.09,2864.63,2
2247,1,2390.58,-1608.72,2881.46,2
2248,1,1101.07,2272.64,2525.32,3
2249,1,2419.85,-1591.61,2896.36,2
2250,1,-2778.95,763.74,2881.99,2
2251,1,-17.664,-2077.8,2077.87,4
2252,1,-146.923,1290.67,1299.01,5
2253,1,-1863.17,-1305.26,2274.89,3
2254,1,-1579.67,-1072.62,1909.41,4
2255,1,789.725,-2805.63,2914.66,2
2256,1,-127.463,2746.55,2749.51,2
2257,1,-2348.08,1634.44,2860.92,2
2258,1,936.222,-2821.56,2972.83,2
2259,1,-1342.04,1561.58,2059.03,4
2260,1,-865.578,-1475.33,1710.51,5
2261,1,-39.8117,1477.21,1477.75,5
2262,1,-575.116,1258.09,1383.31,5
2263,1,-717.681,1871.65,2004.53,4
2264,1,-999.472,-342.056,1056.38,5
2265,1,307.711,2010.55,2033.96,4
2266,1,2737.6,-99.4736,2739.41,2
2267,1,-654.41,964.219,1165.32,5
2268,1,-96.8715,187.13,210.717,5
2269,1,-2130.13,1423.5,2561.99,3
2270,1,2741.45,105.672,2743.48,2
2271,1,-2178.03,-1309.32,2541.28,3
2272,1,616.469,572.933,841.598,5
2273,1,-1519.77,47.6562,1520.52,5
2274,1,2137.04,588.414,2216.57,3
2275,1,1862.18,-1767.3,2567.31,3
2276,1,1549.25,-1545.71,2188.47,3
2277,1,2931.62,228.409,2940.51,2
2278,1,-187.033,1356.2,1369.03,5
2279,1,473.051,-486.503,678.574,5
2280,1,1720.63,1453.66,2252.49,3
2281,1,327.153,-957.597,1011.94,5
2282,1,415.734,-1781.2,1829.07,4
2283,1,-100.97,2150.97,2153.34,4
2284,1,-462.658,1411.63,1485.52,5
2285,1,1234.31,1416.67,1878.95,4
2286,1,2547.98,1208.19,2819.91,2
2287,1,637.222,-1768.6,1879.89,4
2288,1,2776.38,948.807,2934.02,2
2289,1,-205.965,1883.46,1894.69,4
2290,1,-1281.51,964.572,1603.95,5
2291,1,2707.74,1283.53,2996.54,2
2292,1,-2199.26,1622.89,2733.22,2
2293,1,2489.07,1630.16,2975.39,2
2294,1,-1629.48,-21.0426,1629.62,5
2295,1,-1511.62,-2316.82,2766.34,2
2296,1,-2458.65,210.814,2467.67,3
2297,1,-929.506,1108.65,1446.75,5
2298,1,2137.93,-797.415,2281.8,3
2299,1,174.958,2694.23,2699.9,2
2300,1,-664.477,-2237.25,2333.84,3
2301,1,-960.787,-2738.34,2902,2
2302,1,1266.64,2296.01,2622.22,3
2303,1,1220.84,-1406.3,1862.29,4
2304,1,2741.38,-511.933,2788.77,2
2305,1,-363.051,-990.77,1055.19,5
2306,1,-877.051,-202.428,900.109,5
2307,1,-113.096,227.912,254.43,5
2308,1,-1313.9,2011.25,2402.39,3
2309,1,1139.21,2455.69,2707.06,2
2310,1,-2263.82,-1041.55,2491.93,3
2311,1,-986.775,-2423.98,2617.14,3
2312,1,-903.037,782.941,1195.19,5
2313,1,-855.823,892.886,1236.8,5
2314,1,-732.037,-315.279,797.044,5
2315,1,1804.19,239.663,1820.04,4
2316,1,-2039.62,-1167.22,2349.99,3
2317,1,-1234.65,-1763.72,2152.92,4
2318,1,101.013,-2994.04,2995.74,2
2319,1,-2403.13,901.028,2566.49,3
2320,1,2671.9,463.262,2711.76,2
2321,1,1789.04,470.903,1849.98,4
2322,1,-106.064,1323.25,1327.49,5
2323,1,-204.898,1885.23,1896.33,4
2324,1,-841.284,891.39,1225.7,5
2325,1,995.675,-1154.31,1524.4,5
2326,1,564.305,2864.53,2919.58,2
2327,1,-2413.96,1570.69,2879.98,2
2328,1,313.607,-270.799,414.345,5
2329,1,-1970.46,-1831.28,2690.04,3
2330,1,811.433,-2585.34,2709.69,2
2331,1,663.236,-512.981,838.469,5
2332,1,-1881.38,485.681,1943.06,4
2333,1,804.942,-1129.41,1386.9,5
2334,1,642.898,2598.77,2677.11,3
2335,1,188.255,323.75,374.505,5
2336,1,1093.5,-1010.42,1488.86,5
2337,1,-801.412,1263.27,1496.03,5
2338,1,-803.75,-729.219,1085.25,5
2339,1,881.693,1331.25,1596.75,5
2340,1,-1630.84,-780.954,1808.19,4
2341,1,-2501.38,-1412.79,2872.78,2
2342,1,82.1096,-2677.68,2678.93,3
2343,1,-533.263,2586.8,2641.2,3
2344,1,-270.803,-1671.56,1693.36,5
2345,1,1437.65,2231.37,2654.4,3
2346,1,838.422,375.165,918.531,5
2347,1,-626.458,-232.757,668.3,5
2348,1,1413.21,1708.43,2217.18,3
2349,1,1190.94,1716.69,2089.35,4
2350,1,-1481.32,1378.27,2023.35,4
2351,1,-639.283,2772.22,2844.98,2
2352,1,808.341,-19.345,808.573,5
2353,1,-1011.13,19.1245,1011.31,5
2354,1,-89.2768,718.051,723.58,5
2355,1,-58.1121,1752.35,1753.31,4
2356,1,1064.19,-1593.23,1915.96,4
2357,1,2080.1,1342.07,2475.47,3
2358,1,958.377,1466.51,1751.89,4
2359,1,2685.35,-334.876,2706.15,2
2360,1,1284.44,2291.65,2627.06,3
2361,1,-2130.58,-1476.22,2592.02,3
2362,1,-2313.21,218.63,2323.51,3
2363,1,-1847.34,-1544.69,2408.06,3
2364,1,-1961.8,-1592.66,2526.9,3
2365,1,1582.6,-1051.64,1900.15,4
2366,1,-2085.65,-114.581,2088.8,4
2367,1,1113.95,-2647.76,2872.54,2
2368,1,1310.25,1295.93,1842.88,4
2369,1,-1141.68,-307.687,1182.41,5
2370,1,-1622.36,719.041,1774.56,4
2371,1,766.571,-2099.79,2235.34,3
2372,1,-1338.06,-2317.73,2676.24,3
2373,1,2030.78,-1151.95,2334.75,3
2374,1,-1494.31,300.688,1524.26,5
2375,1,-203.115,2509.9,2518.11,3
2376,1,-202.001,-1846.27,1857.29,4
2377,1,-759.559,2468.23,2582.46,3
2378,1,183.437,-1271.17,1284.33,5
2379,1,262.676,92.0684,278.344,5
2380,1,1038.14,-2047.13,2295.32,3
2381,1,-2293.5,-26.6352,2293.65,3
2382,1,-884.503,-941.885,1292.09,5
2383,1,1441.74,1068.81,1794.71,4
2384,1,-153.864,193.33,247.084,5
2385,1,-321.852,-493.578,589.243,5
2386,1,-2700.67,177.136,2706.48,2
2387,1,1527.59,-79.349,1529.65,5
2388,1,571.165,-1254.17,1378.1,5
2389,1,-1053.04,943.913,1414.17,5
2390,1,-2008.73,-700.051,2127.22,4
2391,1,-140.514,1958.42,1963.46,4
2392,1,-644.13,672.253,931.036,5
2393,1,2490.7,-723.686,2593.7,3
2394,1,2337.09,265.33,2352.11,3
2395,1,-1558,-1445.22,2125.1,4
2396,1,-649.853,1291.6,1445.87,5
2397,1,1611.24,862.254,1827.45,4
2398,1,67.4488,2607.03,2607.9,3
2399,1,2647.13,-112.837,2649.53,3
2400,1,-417.113,-2361.44,2398,3
2401,1,1133.12,411.667,1205.59,5
2402,1,846.269,781.749,1152.09,5
2403,1,-912.515,1182.63,1493.76,5
2404,1,-565.396,2090.81,2165.91,3
2405,1,421.775,-2609.7,2643.56,3
2406,1,801.163,-54.461,803.012,5
2407,1,-793.808,1537.76,1730.56,5
2408,1,250.234,2760.47,2771.79,2
2409,1,-760.769,-1280.94,1489.83,5
2410,1,-752.325,1371.19,1564.02,5
2411,1,1584.22,-1824.56,2416.36,3
2412,1,1786.59,-1506.45,2336.94,3
2413,1,668.25,-1412.27,1562.39,5
2414,1,-524.347,1801.45,1876.21,4
2415,1,2103.96,-726.628,2225.9,3
2416,1,80.7564,-665.653,670.534,5
2417,1,-1033.5,-266.711,1067.36,5
2418,1,-373.739,-282.127,468.27,5
2419,1,-32.0949,-2638.88,2639.07,3
2420,1,-1663.41,-1505.87,2243.78,3
2421,1,-1983.46,-328.846,2010.53,4
2422,1,-1694.81,128.477,1699.67,5
2423,1,1303.23,-769.538,1513.47,5
2424,1,-1016.37,-1526.43,1833.85,4
2425,1,49.8803,-1790.61,1791.31,4
2426,1,2825.35,-664.413,2902.42,2
2427,1,1059.21,1021.86,1471.78,5
2428,1,576.922,2182.45,2257.41,3
2429,1,-449.716,-2914.01,2948.51,2
2430,1,2229.43,1890.86,2923.3,2
2431,1,-2598.28,-1039.68,2798.57,2
2432,1,-1129.96,325.774,1175.98,5
2433,1,-210.388,114.522,239.537,5
2434,1,-1850.38,952.062,2080.95,4
2435,1,-1596.96,2362.51,2851.62,2
2436,1,2631.36,271.658,2645.34,3
2437,1,-647.684,-2631.2,2709.74,2
2438,1,846.248,218.776,874.07,5
2439,1,1228.85,-215.717,1247.64,5
2440,1,-1380.87,-548.995,1486,5
2441,1,967.159,81.7446,970.608,5
2442,1,1541.88,-1982.11,2511.21,3
2443,1,-6.00691,745.542,745.566,5
2444,1,144.394,822.661,835.237,5
2445,1,401.621,1526.57,1578.52,5
2446,1,1374.75,932.074,1660.93,5
2447,1,-126.857,-2823.68,2826.52,2
2448,1,-1071.4,-363.704,1131.45,5
2449,1,-395.527,-2033,2071.11,4
2450,1,1450.39,-1909.14,2397.59,3
2451,1,136.024,1496.23,1502.4,5
2452,1,-907.996,158.969,921.806,5
2453,1,-213.388,-1745.61,1758.6,4
2454,1,-331.801,-483.192,586.145,5
2455,1,807.412,-1045.48,1320.96,5
2456,1,2623.5,905.992,2775.53,2
2457,1,-1652.42,-1336.34,2125.16,4
2458,1,-52.1273,-2954.42,2954.88,2
2459,1,-1191.73,950.389,1524.29,5
2460,1,-1047.74,-931.615,1402.02,5
2461,1,-1234.75,-1223.52,1738.28,5
2462,1,-1086.66,922.432,1425.38,5
2463,1,1291.59,1265.29,1808.08,4
2464,1,-1577.65,-1623.78,2263.99,3
2465,1,-1733.68,979.606,1991.3,4
2466,1,404.967,-172.888,440.328,5
2467,1,945.167,-191.848,964.441,5
2468,1,-475.667,-1251.43,1338.79,5
2469,1,-2515.24,-707.88,2612.95,3
2470,1,-1318.84,-2542.63,2864.32,2
2471,1,977.096,2335.42,2531.58,3
2472,1,-2825.47,-394.121,2852.82,2
2473,1,1535.48,-63.9243,1536.81,5
2474,1,-2246.24,1835.4,2900.74,2
2475,1,290.478,934.709,978.805,5
2476,1,-1047.18,2805.89,2994.93,2
2477,1,2526.21,409.693,2559.22,3
2478,1,1440.97,1571.45,2132.11,4
2479,1,2139.56,-84.6597,2141.24,4
2480,1,464.833,2443.07,2486.9,3
2481,1,-1937.92,-204.887,1948.72,4
2482,1,1030,466.398,1130.68,5
2483,1,2974.23,-197.617,2980.79,2
2484,1,1464.54,651.348,1602.85,5
2485,1,2283.25,-778.265,2412.25,3
2486,1,-990.109,1458.96,1763.2,4
2487,1,-2517.73,-376.858,2545.78,3
2488,1,-2023.51,-1726.8,2660.15,3
2489,1,570.673,2645.56,2706.41,2
2490,1,441.215,-231.095,498.071,5
2491,1,939.171,12.4052,939.253,5
2492,1,797.14,-1504.86,1702.95,5
2493,1,1165.27,536.389,1282.8,5
2494,1,1120.73,-2761.56,2980.31,2
2495,1,775.276,1329.94,1539.41,5
2496,1,-168.717,-790.05,807.865,5
2497,1,-1827.56,1658.88,2468.17,3
2498,1,-101.447,-1981.95,1984.54,4
2499,1,657.533,-2011.89,2116.62,4
2500,1,2300.52,1857.08,2956.55,2
2501,1,-126.313,688.783,700.269,5
2502,1,-1721.53,2362.53,2923.22,2
2503,1,-736.167,1778.2,1924.56,4
2504,1,1063.41,2700.43,2902.26,2
2505,1,1177.24,366.399,1232.94,5
2506,1,-2081.63,1780.88,2739.47,2
2507,1,-116.959,974.058,981.055,5
2508,1,2401.15,795.179,2529.4,3
2509,1,-675.705,-1473.07,1620.65,5
2510,1,-2154.86,-800.298,2298.67,3
2511,1,-2002.07,721.069,2127.96,4
2512,1,1865.5,-1218.79,2228.35,3
2513,1,473.512,-607.22,770.02,5
2514,1,-1699.95,2025.88,2644.62,3
2515,1,-617.811,-766.487,984.475,5
2516,1,1002.79,-1416.21,1735.29,5
2517,1,-2923.69,513.46,2968.44,2
2518,1,-1202.57,-2084.1,2406.17,3
2519,1,632.733,2870.23,2939.15,2
2520,1,1497.13,1251.88,1951.56,4
2521,1,1675.62,1920.43,2548.68,3
2522,1,-550.854,-1506.17,1603.74,5
2523,1,-1035.62,2596.93,2795.81,2
2524,1,-1057.21,-1085.29,1515.11,5
2525,1,-1472.33,314.794,1505.6,5
2526,1,-337.214,-2860.45,2880.26,2
2527,1,-1942.63,-1468.87,2435.45,3
2528,1,1827.7,-165.935,1835.22,4
2529,1,-498.71,-1515.17,1595.13,5
2530,1,-1579.38,-875.307,1805.71,4
2531,1,-2587.36,-842.063,2720.94,2
2532,1,-2286.64,-716.11,2396.15,3
2533,1,-1022.3,451.976,1117.76,5
2534,1,987.37,762.381,1247.45,5
2535,1,2251.56,194.02,2259.9,3
2536,1,2356.01,1007.24,2562.29,3
2537,1,-934.857,-348.242,997.612,5
2538,1,2792.28,779.629,2899.07,2
2539,1,-1745.76,-2012.31,2664.04,3
2540,1,1588.22,1189.46,1984.26,4
2541,1,-2445.16,-700.304,2543.47,3
2542,1,356.941,512.078,624.204,5
2543,1,2920.88,358.305,2942.78,2
2544,1,1932.08,-669.168,2044.68,4
2545,1,1753.55,-2054.62,2701.19,2
2546,1,-204.534,-243.198,317.773,5
2547,1,-488.797,1464.65,1544.06,5
2548,1,102.713,1393.98,1397.76,5
2549,1,-1329.46,-2482.33,2815.92,2
2550,1,-2617.24,-454.945,2656.49,3
2551,1,994.242,788.47,1268.94,5
2552,1,269.926,2660.86,2674.52,3
2553,1,-706.944,-1262.48,1446.93,5
2554,1,-2.25744,476.342,476.348,5
2555,1,1459.56,-2062.87,2527.01,3
2556,1,-749.578,-1064.17,1301.66,5
2557,1,416.599,-2242.28,2280.65,3
2558,1,-900.024,-1153.62,1463.17,5
2559,1,998.494,-921.409,1358.67,5
2560,1,-2087.32,-1646.04,2658.26,3
2561,1,-612.92,794.01,1003.06,5
2562,1,-2633.1,1161.23,2877.79,2
2563,1,-449.739,2541.1,2580.59,3
2564,1,57.7201,2751.78,2752.38,2
2565,1,-355.529,63.6017,361.173,5
2566,1,-1679.41,-128.921,1684.35,5
2567,1,-2178.46,-1023.96,2407.11,3
2568,1,-644.973,1970.29,2073.17,4
2569,1,2820.32,727.071,2912.53,2
2570,1,-1384.96,-522.052,1480.08,5
2571,1,1290.75,-575.352,1413.18,5
2572,1,1103.12,1644.39,1980.12,4
2573,1,1843.48,-132.249,1848.21,4
2574,1,-125.794,-869.634,878.685,5
2575,1,1120.83,-2638.4,2866.6,2
2576,1,2115.82,-672.98,2220.27,3
2577,1,1358.96,-2215.63,2599.19,3
2578,1,-7.07407,-1069.1,1069.12,5
2579,1,2519.43,-157.867,2524.37,3
2580,1,-789.624,1548.77,1738.44,5
2581,1,2620.32,377.451,2647.37,3
2582,1,-46.2648,1554.36,1555.04,5
2583,1,2356.92,1488.6,2787.65,2
2584,1,-1036.46,-418.716,1117.84,5
2585,1,70.6986,2709.51,2710.44,2
2586,1,-1477.87,951.217,1757.53,4
2587,1,1488.82,-2455.36,2871.48,2
2588,1,363.906,-911.037,981.028,5
2589,1,-1148.27,-691.212,1340.26,5
2590,1,-213.317,-1501.4,1516.48,5
2591,1,-1645.58,-1961.59,2560.42,3
2592,1,-152.664,-1108.24,1118.71,5
2593,1,-2113.74,-213.044,2124.45,4
2594,1,-499.265,-1115.8,1222.4,5
2595,1,-1282.31,-70.4871,1284.25,5
2596,1,-1198.34,-1387.54,1833.39,4
2597,1,1916.47,1049.22,2184.89,3
2598,1,-2389.46,-888.896,2549.45,3
2599,1,-2166.21,-810.628,2312.92,3
2600,1,-661.496,-2012.34,2118.27,4
2601,1,387.802,2015.19,2052.17,4
2602,1,-1410.04,-2642.84,2995.47,2
2603,1,-533.644,-2233.03,2295.91,3
2604,1,-69.9764,-163.506,177.851,5
2605,1,-775.431,-1860.09,2015.25,4
2606,1,2378.08,-1374.88,2746.92,2
2607,1,-1062.48,-1023.81,1475.48,5
2608,1,-1009.81,103.433,1015.09,5
2609,1,-1540.93,-1034.75,1856.11,4
2610,1,2063.62,-26.6507,2063.79,4
2611,1,-122.284,-390.197,408.909,5
2612,1,2015.1,1867.24,2747.21,2
2613,1,108.255,-744.927,752.752,5
2614,1,-1624.07,-1265.45,2058.87,4
2615,1,-1069.59,-1672.15,1984.97,4
2616,1,-1926.43,1050.53,2194.25,3
2617,1,487.668,-205.761,529.299,5
2618,1,1311.29,-2258.17,2611.28,3
2619,1,2394.77,-1077.47,2626,3
2620,1,-2544.45,28.1762,2544.61,3
2621,1,1267.48,-415.738,1333.92,5
2622,1,1782.35,334.698,1813.5,4
2623,1,2419.09,-998.988,2617.25,3
2624,1,109.977,-2381.9,2384.44,3
2625,1,-572.777,383.939,689.552,5
2626,1,1423.67,1773.58,2274.3,3
2627,1,2490.97,-187.205,2497.99,3
2628,1,-1640.53,-1673.64,2343.59,3
2629,1,-356.026,-1011.92,1072.73,5
2630,1,-1353.24,1612.63,2105.19,4
2631,1,2519.87,498.863,2568.78,3
2632,1,1719.47,2372.22,2929.84,2
2633,1,-541.6,-1742.49,1824.72,4
2634,1,1215.56,-1483.25,1917.71,4
2635,1,-1470.34,1284.16,1952.17,4
2636,1,-2709.66,583.483,2771.77,2
2637,1,1757.27,-690.581,1888.09,4
2638,1,1345.54,1100.89,1738.51,5
2639,1,-1803.25,-516.351,1875.72,4
2640,1,-829.734,343.896,898.177,5
2641,1,1618.21,1552.93,2242.81,3
2642,1,-459.238,486.454,668.982,5
2643,1,-711.896,-460.347,847.771,5
2644,1,786.634,1245.2,1472.86,5
2645,1,1162.99,2175.1,2466.5,3
2646,1,-1979.45,-1743.51,2637.81,3
2647,1,-251.399,-2169.68,2184.2,3
2648,1,-305.91,2343.42,2363.31,3
2649,1,-1151.45,-1252.9,1701.65,5
2650,1,416.373,-2856.12,2886.31,2
2651,1,1591.79,-1929.71,2501.52,3
2652,1,2246.13,-1332.41,2611.59,3
2653,1,-1685.06,1620.24,2337.65,3
2654,1,1485.03,-2549.71,2950.65,2
2655,1,746.633,-2250.69,2371.3,3
2656,1,440.436,-517.697,679.701,5
2657,1,2254.06,972.745,2455,3
2658,1,94.0406,-1976.5,1978.73,4
2659,1,1087.82,-828.104,1367.15,5
2660,1,2971.74,-151.775,2975.62,2
2661,1,-1222.97,611.645,1367.4,5
2662,1,2324.68,80.7273,2326.09,3
2663,1,41.2798,710.67,711.868,5
2664,1,399.001,-1544.87,1595.57,5
2665,1,-1332.83,-1459.26,1976.33,4
2666,1,1548.65,771.151,1730.03,5
2667,1,1384.44,2068.53,2489.07,3
2668,1,-1795.14,305.031,1820.87,4
2669,1,309.397,547.585,628.948,5
2670,1,-1119.24,-1533.58,1898.57,4
2671,1,559.568,-278.176,624.898,5
2672,1,-357.973,-2739.94,2763.22,2
2673,1,-1316.15,750.26,1514.97,5
2674,1,1746.57,-1622.89,2384.17,3
2675,1,-1978.65,-748.526,2115.5,4
2676,1,704.124,-2174.97,2286.1,3
2677,1,-458.009,-2125.11,2173.91,3
2678,1,847.343,-2507.92,2647.2,3
2679,1,-2187.47,1789.14,2825.95,2
2680,1,1592.78,-1057.28,1911.75,4
2681,1,-1041.83,-2286.16,2512.36,3
2682,1,2621.92,-157.227,2626.63,3
2683,1,-1816.04,1450.58,2324.26,3
2684,1,390.692,-1413.69,1466.68,5
2685,1,2196.98,2020.2,2984.62,2
2686,1,-310.87,-1368.45,1403.32,5
2687,1,-1954.83,-2144.6,2901.84,2
2688,1,1755.97,-1309.89,2190.72,3
2689,1,-88.9204,2050.66,2052.59,4
2690,1,-1114.51,2675.5,2898.35,2
2691,1,-808.123,-553.577,979.546,5
2692,1,1447.7,983.63,1750.25,4
2693,1,1174.46,656.419,1345.46,5
2694,1,239.393,226.734,329.723,5
2695,1,-647.559,65.3338,650.846,5
2696,1,-984.069,2478.77,2666.96,3
2697,1,-255.509,-1270.34,1295.78,5
2698,1,917.539,-1726.63,1955.28,4
2699,1,-1272.31,-1965.74,2341.56,3
2700,1,-288.804,-1099.78,1137.07,5
2701,1,753.49,-1545.1,1719.03,5
2702,1,-1894.3,-2301.77,2981.02,2
2703,1,1111.29,1808.28,2122.46,4
2704,1,-1483.74,95.8293,1486.83,5
2705,1,2581.07,-876.247,2725.76,2
2706,1,-620.068,406.343,741.35,5
2707,1,2560.85,-1106.48,2789.67,2
2708,1,-2013.57,1586.65,2563.58,3
2709,1,2478.22,1452.38,2872.46,2
2710,1,-1981.93,360.427,2014.43,4
2711,1,1686.65,-1188.81,2063.5,4
2712,1,-1925.44,971.275,2156.54,4
2713,1,1705.17,-1995.8,2625.04,3
2714,1,2152.26,301.564,2173.28,3
2715,1,603.458,-970.114,1142.49,5
2716,1,733.18,-2482.35,2588.36,3
2717,1,-62.868,2729.37,2730.09,2
2718,1,-171.016,-282.802,330.489,5
2719,1,2207.63,-1403.05,2615.76,3
2720,1,168.141,-1780.1,1788.02,4
2721,1,-50.8884,1475.33,1476.2,5
2722,1,-2454.67,1172.16,2720.18,2
2723,1,557.66,1472.68,1574.73,5
2724,1,1451.39,1671.94,2214.03,3
2725,1,-2775.94,1086.57,2981.02,2
2726,1,1409.66,1852.53,2327.88,3
2727,1,-2048.67,1952.29,2829.93,2
2728,1,544.515,-440.181,700.183,5
2729,1,1689.88,-526.153,1769.89,4
2730,1,-1018.74,-135.064,1027.66,5
2731,1,2427.02,1440.32,2822.22,2
2732,1,-1245.03,-355.968,1294.92,5
2733,1,23.4426,-183.984,185.472,5
2734,1,-2201.46,-4.85932,2201.47,3
2735,1,1846.41,-942.428,2073.01,4
2736,1,-2454.44,-590.894,2524.56,3
2737,1,-1357.72,835.083,1593.97,5
2738,1,1120.39,514.884,1233.03,5
2739,1,-1498.22,388.503,1547.78,5
2740,1,368.188,1603.86,1645.58,5
2741,1,1396.23,402.3,1453.03,5
2742,1,-1384.01,-631.866,1521.43,5
2743,1,928.887,-8.46454,928.925,5
2744,1,-2620.99,248.338,2632.73,3
2745,1,2272.7,1390.26,2664.21,3
2746,1,-658.95,-996.793,1194.91,5
2747,1,-2799.62,-124.73,2802.4,2
2748,1,-1032.61,-2401.81,2614.38,3
2749,1,502.496,548.114,743.593,5
2750,1,-1567.42,-1786.36,2376.53,3
2751,1,2954.9,-1.03651,2954.9,2
2752,1,1131.24,203.314,1149.36,5
2753,1,2112.52,-1908.39,2846.87,2
2754,1,-518.528,-2265.51,2324.09,3
2755,1,-2197.13,1516.63,2669.75,3
2756,1,-60.2738,2898.86,2899.49,2
2757,1,-2288.31,93.3781,2290.22,3
2758,1,518.403,-1276.08,1377.36,5
2759,1,749.764,-964.448,1221.6,5
2760,1,1255.03,-1401.13,1881.03,4
2761,1,-1162.44,-1269.89,1721.6,5
2762,1,-2628.09,597.955,2695.26,3
2763,1,1796.01,881.776,2000.8,4
2764,1,72.7853,-1737.84,1739.36,5
2765,1,2746,-641.991,2820.05,2
2766,1,-1473.06,-1027.51,1796.02,4
2767,1,-1010.91,-275.077,1047.67,5
2768,1,704.381,1686.03,1827.25,4
2769,1,1909.76,1246.48,2280.54,3
2770,1,-557.479,1274.48,1391.07,5
2771,1,-217.115,947.612,972.167,5
2772,1,-2556.44,-745.351,2662.88,3
2773,1,-1883.61,415.813,1928.96,4
2774,1,1305.16,2384.82,2718.6,2
2775,1,-857.493,-2727.99,2859.58,2
2776,1,-973.01,2125.42,2337.56,3
2777,1,1154.53,1352.46,1778.23,4
2778,1,696.191,2491.25,2586.7,3
2779,1,-1687.14,-422.917,1739.34,5
2780,1,2882.29,634.867,2951.38,2
2781,1,374.972,1867.38,1904.66,4
2782,1,-938.305,2392.04,2569.49,3
2783,1,-1751.45,2334.79,2918.7,2
2784,1,-61.7152,-2651.4,2652.12,3
2785,1,387.995,2081.37,2117.23,4
2786,1,211.055,-345.699,405.033,5
2787,1,-1984.74,-1728.32,2631.78,3
2788,1,1893.11,-1106.34,2192.68,3
2789,1,1045.96,-2242.61,2474.54,3
2790,1,2093.04,-732.016,2217.36,3
2791,1,1489,-668.114,1632.02,5
2792,1,1593.24,-1205.27,1997.77,4
2793,1,1666.71,-512.191,1743.63,4
2794,1,2048.64,-1417.39,2491.17,3
2795,1,-39.9288,-1737.87,1738.33,5
2796,1,509.581,1920.62,1987.07,4
2797,1,2201.3,1200.67,2507.45,3
2798,1,-614.61,-1752.21,1856.88,4
2799,1,274.175,-1185.67,1216.96,5
2800,1,-2025.23,701.985,2143.44,4
2801,1,890.427,-2494.44,2648.6,3
2802,1,-849.337,907.432,1242.9,5
2803,1,408.36,1361.96,1421.86,5
2804,1,-760.873,-935.696,1206.01,5
2805,1,1061.58,-1822.79,2109.38,4
2806,1,1565.25,-269.87,1588.34,5
2807,1,2467.18,1345.16,2810.06,2
2808,1,299.053,2528.89,2546.51,3
2809,1,-217.998,-2122.81,2133.97,4
2810,1,-511.498,-2514.97,2566.45,3
2811,1,-1947.35,-264.397,1965.22,4
2812,1,639.29,279.141,697.576,5
2813,1,1198.99,586.999,1334.97,5
2814,1,-2599.16,-1057.41,2806.02,2
2815,1,1900.43,-2054.25,2798.5,2
2816,1,926.547,-1209.02,1523.22,5
2817,1,2356.29,582.715,2427.27,3
2818,1,75.245,-2563.35,2564.45,3
2819,1,-2764.22,181.624,2770.18,2
2820,1,845.993,2474.78,2615.38,3
2821,1,2713.06,889.557,2855.17,2
2822,1,878.843,642.56,1088.69,5
2823,1,1153.34,-1104.88,1597.17,5
2824,1,-1451.89,973.051,1747.8,4
2825,1,-775.881,532.667,941.129,5
2826,1,-928.448,850.939,1259.41,5
2827,1,1105.13,1855.95,2160.06,3
2828,1,2671.81,-744.351,2773.56,2
2829,1,-811.169,-181.172,831.155,5
2830,1,1549.79,-2128.98,2633.32,3
2831,1,-1383.29,-2352.78,2729.3,2
2832,1,-484.714,-2307.07,2357.44,3
2833,1,2563.79,-1389.3,2916.02,2
2834,1,735.473,2780.12,2875.76,2
2835,1,-687.944,1102.73,1299.72,5
2836,1,1883.49,510.957,1951.56,4
2837,1,-349.912,117.126,368.995,5
2838,1,1721.12,1846.01,2523.89,3
2839,1,-974.806,-1849.38,2090.56,4
2840,1,1281.53,-1266.17,1801.53,4
2841,1,1698.2,457.484,1758.74,4
2842,1,1429.22,915.764,1697.43,5
2843,1,-510.578,2018.49,2082.06,4
2844,1,-760.176,-2336.36,2456.92,3
2845,1,1455.29,1730.82,2261.33,3
2846,1,1656.7,1405.34,2172.47,3
2847,1,995.145,366.545,1060.5,5
2848,1,-410.675,565.474,698.867,5
2849,1,-2007.61,1043.41,2262.57,3
2850,1,550.473,2521.18,2580.57,3
2851,1,2502.96,1647.59,2996.56,2
2852,1,1890.3,1434.92,2373.23,3
2853,1,-653.126,-410.683,771.514,5
2854,1,-553.353,1430.41,1533.71,5
2855,1,2108.94,-2011.46,2914.37,2
2856,1,45.1658,914.134,915.249,5
2857,1,-2625.21,189.628,2632.05,3
2858,1,1164.78,818.398,1423.55,5
2859,1,-2382.9,-770.56,2504.39,3
2860,1,739.282,73.3858,742.916,5
2861,1,386.351,-297.343,487.525,5
2862,1,-1762.15,-1535.81,2337.49,3
2863,1,445.08,-2718.45,2754.64,2
2864,1,872.965,323.531,930.989,5
2865,1,-162.38,2286.18,2291.94,3
2866,1,-642.578,-1300.66,1450.73,5
2867,1,1340.87,-1534.6,2037.87,4
2868,1,-1632.93,-2165.24,2711.96,2
2869,1,137.79,-2954.67,2957.88,2
2870,1,-1469.79,-423.326,1529.54,5
2871,1,1286.87,2287.31,2624.47,3
2872,1,-513.679,-720.659,884.995,5
2873,1,1466.84,1116.35,1843.33,4
2874,1,-751.949,-1354.21,1548.97,5
2875,1,1366.08,2338.55,2708.32,2
2876,1,345.862,2556.2,2579.5,3
2877,1,-931.76,-1099.76,1441.41,5
2878,1,-2395.75,1577.64,2868.55,2
2879,1,-423.149,1263.55,1332.52,5
2880,1,2658.93,-453.863,2697.38,2
2881,1,468.491,-483.741,673.416,5
2882,1,-12.71,-781.134,781.237,5
2883,1,1541.25,1282.23,2004.89,4
2884,1,-1457.88,178.654,1468.79,5
2885,1,1559.09,298.159,1587.34,5
2886,1,-1257.23,1911.02,2287.49,3
2887,1,-4.27701,-309.351,309.381,5
2888,1,-1921.81,-1786.2,2623.72,3
2889,1,1810.18,280.369,1831.76,4
2890,1,2010.9,609.323,2101.19,4
2891,1,-1007.95,-2183.05,2404.51,3
2892,1,2116.17,232.726,2128.93,4
2893,1,768.471,874.486,1164.16,5
2894,1,-330.319,1105.03,1153.34,5
2895,1,1014.82,574.985,1166.39,5
2896,1,1138.37,1900.11,2215.02,3
2897,1,2253.14,479.078,2303.51,3
2898,1,-1139.04,1599.26,1963.43,4
2899,1,172.069,-5.27182,172.15,5
2900,1,191.014,-2357.75,2365.48,3
2901,1,-2001.72,588.997,2086.57,4
2902,1,721.095,1743.27,1886.52,4
2903,1,768.585,-1975.05,2119.33,4
2904,1,812.988,2462.26,2593.01,3
2905,1,-1225.54,675.361,1399.31,5
2906,1,-2606.78,388.896,2635.63,3
2907,1,2037.89,1058,2296.16,3
2908,1,-429.962,-918.202,1013.89,5
2909,1,-427.878,2181.89,2223.45,3
2910,1,-995.014,-2041.91,2271.44,3
2911,1,-852.044,2489.97,2631.72,3
2912,1,-2356.96,-1714.92,2914.83,2
2913,1,2266.56,1311.32,2618.56,3
2914,1,-1125.42,872.098,1423.77,5
2915,1,1850.94,-454.573,1905.95,4
2916,1,508.478,179.296,539.163,5
2917,1,898.378,-783.011,1191.72,5
2918,1,-113.149,2544.19,2546.71,3
2919,1,363.97,1076.19,1136.07,5
2920,1,98.8361,1864.59,1867.21,4
2921,1,-1818.94,-129.905,1823.57,4
2922,1,145.692,1983.73,1989.08,4
2923,1,1018.66,-453.517,1115.05,5
2924,1,-552.812,-2756.32,2811.21,2
2925,1,1979.99,-2213.14,2969.57,2
2926,1,842.813,-2058.31,2224.18,3
2927,1,-2473.36,-988.063,2663.41,3
2928,1,1112.09,91.5003,1115.84,5
2929,1,-1297.4,-1138.73,1726.25,5
2930,1,-1275.22,-2678.78,2966.83,2
2931,1,784.94,1264.66,1488.46,5
2932,1,514.676,8.79773,514.751,5
2933,1,-780.896,-1590.85,1772.17,4
2934,1,630.022,1366.18,1504.45,5
2935,1,2575.59,995.41,2761.25,2
2936,1,-1980.52,1630.79,2565.53,3
2937,1,-1378.16,1230.69,1847.68,4
2938,1,-2247,-997.418,2458.42,3
2939,1,-1914.57,-988.003,2154.47,4
2940,1,2436.3,-903.167,2598.32,3
2941,1,-210.781,-2987.82,2995.25,2
2942,1,-184.25,-342.499,388.913,5
2943,1,1753.71,736.259,1901.99,4
2944,1,-669.692,1300.58,1462.88,5
2945,1,2099.61,-2115.82,2980.79,2
2946,1,-993.873,2028.58,2258.96,3
2947,1,1029.99,1760.96,2040.06,4
2948,1,-1751.3,-1518.23,2317.77,3
2949,1,822.5,1371.15,1598.93,5
2950,1,-1828.43,1986.78,2700.08,2
2951,1,2574.55,519.338,2626.41,3
2952,1,1609.32,-1398.81,2132.27,4
2953,1,1742.04,480.208,1807.01,4
2954,1,837.78,1735.57,1927.2,4
2955,1,620.195,-160.176,640.546,5
2956,1,-2793.1,1033.26,2978.1,2
2957,1,1279.71,-1635.54,2076.7,4
2958,1,-1896.32,1724.87,2563.43,3
2959,1,2239.21,-1764.35,2850.78,2
2960,1,1511.58,-1617.07,2213.55,3
2961,1,-2075.82,-868.9,2250.34,3
2962,1,-2655.05,627.487,2728.19,2
2963,1,-966.603,1671.67,1931.01,4
2964,1,545.447,645.357,844.984,5
2965,1,605.206,1349.72,1479.19,5
2966,1,-1026.98,316.426,1074.62,5
2967,1,-619.966,-475.097,781.073,5
2968,1,-1431.66,-939.226,1712.25,5
2969,1,-1578.44,384.365,1624.57,5
2970,1,-1576.33,1232.43,2000.92,4
2971,1,1264.06,1457.93,1929.61,4
2972,1,1470.12,148.18,1477.57,5
2973,1,-2752.59,-1001.43,2929.1,2
2974,1,510.539,791.595,941.952,5
2975,1,-1317.37,-1584.3,2060.46,4
2976,1,-951.747,-835.724,1266.59,5
2977,1,-1959.38,-1404.33,2410.66,3
2978,1,-2118.42,123.925,2122.04,4
2979,1,-600.434,-545.81,811.437,5
2980,1,-1273.47,1213.32,1758.94,4
2981,1,1382.38,2065.37,2485.3,3
2982,1,-2280.08,-1685.3,2835.31,2
2983,1,47.1832,65.9332,81.0767,5
2984,1,617.001,964.915,1145.32,5
2985,1,-216.35,270.202,346.145,5
2986,1,1797.64,-2352.65,2960.82,2
2987,1,2282.39,-1258.16,2606.2,3
2988,1,-711.274,812.467,1079.82,5
2989,1,2682.87,-702.403,2773.3,2
2990,1,1634.6,-2057.29,2627.61,3
2991,1,-805.884,-1195.3,1441.6,5
2992,1,-1019.52,-1949.93,2200.37,3
2993,1,715.903,-33.5999,716.691,5
2994,1,1362.43,142.217,1369.83,5
2995,1,833.232,2177.16,2331.16,3
2996,1,903.652,-757.123,1178.91,5
2997,1,687.318,1961.48,2078.42,4
2998,1,763.767,-564.736,949.877,5
2999,1,-741.644,2683.46,2784.06,2
3000,1,-1945.04,1262.05,2318.61,3
