<nGateways>,<nEndDevices>,<totalTime>,<drCalcMethod>,<drCalcMethodMisc>,<seed>,<usDataPeriod>,<nodeId>,<tranmissionsDeliveredForNode>,<tranmissionsSentForNode>,<PDRForNode>
1,1000,301,0,0.01,31088,300,1,0,1,0.0
1,1000,301,0,0.01,31088,300,2,1,1,1.0
1,1000,301,0,0.01,31088,300,3,1,1,1.0
1,1000,301,0,0.01,31088,300,4,1,1,1.0
1,1000,301,0,0.01,31088,300,5,1,1,1.0
1,1000,301,0,0.01,31088,300,6,1,1,1.0
1,1000,301,0,0.01,31088,300,7,1,1,1.0
1,1000,301,0,0.01,31088,300,8,1,1,1.0
1,1000,301,0,0.01,31088,300,9,0,1,0.0
1,1000,301,0,0.01,31088,300,10,1,1,1.0
1,1000,301,0,0.01,31088,300,11,1,1,1.0
1,1000,301,0,0.01,31088,300,12,1,1,1.0
1,1000,301,0,0.01,31088,300,13,1,1,1.0
1,1000,301,0,0.01,31088,300,14,1,1,1.0
1,1000,301,0,0.01,31088,300,15,1,1,1.0
1,1000,301,0,0.01,31088,300,16,1,1,1.0
1,1000,301,0,0.01,31088,300,17,1,1,1.0
1,1000,301,0,0.01,31088,300,18,1,1,1.0
1,1000,301,0,0.01,31088,300,19,1,1,1.0
1,1000,301,0,0.01,31088,300,20,1,1,1.0
1,1000,301,0,0.01,31088,300,21,1,1,1.0
1,1000,301,0,0.01,31088,300,22,1,1,1.0
1,1000,301,0,0.01,31088,300,23,0,1,0.0
1,1000,301,0,0.01,31088,300,24,1,1,1.0
1,1000,301,0,0.01,31088,300,25,1,1,1.0
1,1000,301,0,0.01,31088,300,26,1,1,1.0
1,1000,301,0,0.01,31088,300,27,1,1,1.0
1,1000,301,0,0.01,31088,300,28,1,1,1.0
1,1000,301,0,0.01,31088,300,29,0,1,0.0
1,1000,301,0,0.01,31088,300,30,1,1,1.0
1,1000,301,0,0.01,31088,300,31,0,1,0.0
1,1000,301,0,0.01,31088,300,32,1,1,1.0
1,1000,301,0,0.01,31088,300,33,1,1,1.0
1,1000,301,0,0.01,31088,300,34,1,1,1.0
1,1000,301,0,0.01,31088,300,35,1,1,1.0
1,1000,301,0,0.01,31088,300,36,1,1,1.0
1,1000,301,0,0.01,31088,300,37,1,1,1.0
1,1000,301,0,0.01,31088,300,38,1,1,1.0
1,1000,301,0,0.01,31088,300,39,0,1,0.0
1,1000,301,0,0.01,31088,300,40,1,1,1.0
1,1000,301,0,0.01,31088,300,41,1,1,1.0
1,1000,301,0,0.01,31088,300,42,1,1,1.0
1,1000,301,0,0.01,31088,300,43,1,1,1.0
1,1000,301,0,0.01,31088,300,44,1,1,1.0
1,1000,301,0,0.01,31088,300,45,1,1,1.0
1,1000,301,0,0.01,31088,300,46,1,1,1.0
1,1000,301,0,0.01,31088,300,47,1,1,1.0
1,1000,301,0,0.01,31088,300,48,1,1,1.0
1,1000,301,0,0.01,31088,300,49,1,1,1.0
1,1000,301,0,0.01,31088,300,50,0,1,0.0
1,1000,301,0,0.01,31088,300,51,0,1,0.0
1,1000,301,0,0.01,31088,300,52,0,1,0.0
1,1000,301,0,0.01,31088,300,53,1,1,1.0
1,1000,301,0,0.01,31088,300,54,1,1,1.0
1,1000,301,0,0.01,31088,300,55,1,1,1.0
1,1000,301,0,0.01,31088,300,56,1,1,1.0
1,1000,301,0,0.01,31088,300,57,0,1,0.0
1,1000,301,0,0.01,31088,300,58,1,1,1.0
1,1000,301,0,0.01,31088,300,59,1,1,1.0
1,1000,301,0,0.01,31088,300,60,1,1,1.0
1,1000,301,0,0.01,31088,300,61,1,1,1.0
1,1000,301,0,0.01,31088,300,62,1,1,1.0
1,1000,301,0,0.01,31088,300,63,0,1,0.0
1,1000,301,0,0.01,31088,300,64,1,1,1.0
1,1000,301,0,0.01,31088,300,65,1,1,1.0
1,1000,301,0,0.01,31088,300,66,1,1,1.0
1,1000,301,0,0.01,31088,300,67,1,1,1.0
1,1000,301,0,0.01,31088,300,68,1,1,1.0
1,1000,301,0,0.01,31088,300,69,1,1,1.0
1,1000,301,0,0.01,31088,300,70,1,1,1.0
1,1000,301,0,0.01,31088,300,71,1,1,1.0
1,1000,301,0,0.01,31088,300,72,1,1,1.0
1,1000,301,0,0.01,31088,300,73,1,1,1.0
1,1000,301,0,0.01,31088,300,74,1,1,1.0
1,1000,301,0,0.01,31088,300,75,1,1,1.0
1,1000,301,0,0.01,31088,300,76,1,1,1.0
1,1000,301,0,0.01,31088,300,77,0,1,0.0
1,1000,301,0,0.01,31088,300,78,1,1,1.0
1,1000,301,0,0.01,31088,300,79,1,1,1.0
1,1000,301,0,0.01,31088,300,80,1,1,1.0
1,1000,301,0,0.01,31088,300,81,1,1,1.0
1,1000,301,0,0.01,31088,300,82,1,1,1.0
1,1000,301,0,0.01,31088,300,83,1,1,1.0
1,1000,301,0,0.01,31088,300,84,1,1,1.0
1,1000,301,0,0.01,31088,300,85,1,1,1.0
1,1000,301,0,0.01,31088,300,86,1,1,1.0
1,1000,301,0,0.01,31088,300,87,1,1,1.0
1,1000,301,0,0.01,31088,300,88,1,1,1.0
1,1000,301,0,0.01,31088,300,89,1,1,1.0
1,1000,301,0,0.01,31088,300,90,1,1,1.0
1,1000,301,0,0.01,31088,300,91,1,1,1.0
1,1000,301,0,0.01,31088,300,92,0,1,0.0
1,1000,301,0,0.01,31088,300,93,1,1,1.0
1,1000,301,0,0.01,31088,300,94,1,1,1.0
1,1000,301,0,0.01,31088,300,95,1,1,1.0
1,1000,301,0,0.01,31088,300,96,1,1,1.0
1,1000,301,0,0.01,31088,300,97,1,1,1.0
1,1000,301,0,0.01,31088,300,98,1,1,1.0
1,1000,301,0,0.01,31088,300,99,1,1,1.0
1,1000,301,0,0.01,31088,300,100,1,1,1.0
1,1000,301,0,0.01,31088,300,101,1,1,1.0
1,1000,301,0,0.01,31088,300,102,1,1,1.0
1,1000,301,0,0.01,31088,300,103,1,1,1.0
1,1000,301,0,0.01,31088,300,104,1,1,1.0
1,1000,301,0,0.01,31088,300,105,1,1,1.0
1,1000,301,0,0.01,31088,300,106,1,1,1.0
1,1000,301,0,0.01,31088,300,107,1,1,1.0
1,1000,301,0,0.01,31088,300,108,1,1,1.0
1,1000,301,0,0.01,31088,300,109,1,1,1.0
1,1000,301,0,0.01,31088,300,110,1,1,1.0
1,1000,301,0,0.01,31088,300,111,1,1,1.0
1,1000,301,0,0.01,31088,300,112,1,1,1.0
1,1000,301,0,0.01,31088,300,113,1,1,1.0
1,1000,301,0,0.01,31088,300,114,1,1,1.0
1,1000,301,0,0.01,31088,300,115,1,1,1.0
1,1000,301,0,0.01,31088,300,116,1,1,1.0
1,1000,301,0,0.01,31088,300,117,0,1,0.0
1,1000,301,0,0.01,31088,300,118,1,1,1.0
1,1000,301,0,0.01,31088,300,119,1,1,1.0
1,1000,301,0,0.01,31088,300,120,1,1,1.0
1,1000,301,0,0.01,31088,300,121,1,1,1.0
1,1000,301,0,0.01,31088,300,122,0,1,0.0
1,1000,301,0,0.01,31088,300,123,0,1,0.0
1,1000,301,0,0.01,31088,300,124,1,1,1.0
1,1000,301,0,0.01,31088,300,125,1,1,1.0
1,1000,301,0,0.01,31088,300,126,1,1,1.0
1,1000,301,0,0.01,31088,300,127,1,1,1.0
1,1000,301,0,0.01,31088,300,128,1,1,1.0
1,1000,301,0,0.01,31088,300,129,0,1,0.0
1,1000,301,0,0.01,31088,300,130,1,1,1.0
1,1000,301,0,0.01,31088,300,131,1,1,1.0
1,1000,301,0,0.01,31088,300,132,1,1,1.0
1,1000,301,0,0.01,31088,300,133,1,1,1.0
1,1000,301,0,0.01,31088,300,134,1,1,1.0
1,1000,301,0,0.01,31088,300,135,1,1,1.0
1,1000,301,0,0.01,31088,300,136,1,1,1.0
1,1000,301,0,0.01,31088,300,137,1,1,1.0
1,1000,301,0,0.01,31088,300,138,0,1,0.0
1,1000,301,0,0.01,31088,300,139,1,1,1.0
1,1000,301,0,0.01,31088,300,140,1,1,1.0
1,1000,301,0,0.01,31088,300,141,1,1,1.0
1,1000,301,0,0.01,31088,300,142,1,1,1.0
1,1000,301,0,0.01,31088,300,143,1,1,1.0
1,1000,301,0,0.01,31088,300,144,1,1,1.0
1,1000,301,0,0.01,31088,300,145,1,1,1.0
1,1000,301,0,0.01,31088,300,146,1,1,1.0
1,1000,301,0,0.01,31088,300,147,1,1,1.0
1,1000,301,0,0.01,31088,300,148,1,1,1.0
1,1000,301,0,0.01,31088,300,149,1,1,1.0
1,1000,301,0,0.01,31088,300,150,1,1,1.0
1,1000,301,0,0.01,31088,300,151,0,1,0.0
1,1000,301,0,0.01,31088,300,152,1,1,1.0
1,1000,301,0,0.01,31088,300,153,0,1,0.0
1,1000,301,0,0.01,31088,300,154,1,1,1.0
1,1000,301,0,0.01,31088,300,155,1,1,1.0
1,1000,301,0,0.01,31088,300,156,1,1,1.0
1,1000,301,0,0.01,31088,300,157,1,1,1.0
1,1000,301,0,0.01,31088,300,158,1,1,1.0
1,1000,301,0,0.01,31088,300,159,1,1,1.0
1,1000,301,0,0.01,31088,300,160,1,1,1.0
1,1000,301,0,0.01,31088,300,161,1,1,1.0
1,1000,301,0,0.01,31088,300,162,1,1,1.0
1,1000,301,0,0.01,31088,300,163,1,1,1.0
1,1000,301,0,0.01,31088,300,164,1,1,1.0
1,1000,301,0,0.01,31088,300,165,0,1,0.0
1,1000,301,0,0.01,31088,300,166,1,1,1.0
1,1000,301,0,0.01,31088,300,167,1,1,1.0
1,1000,301,0,0.01,31088,300,168,1,1,1.0
1,1000,301,0,0.01,31088,300,169,1,1,1.0
1,1000,301,0,0.01,31088,300,170,1,1,1.0
1,1000,301,0,0.01,31088,300,171,1,1,1.0
1,1000,301,0,0.01,31088,300,172,1,1,1.0
1,1000,301,0,0.01,31088,300,173,1,1,1.0
1,1000,301,0,0.01,31088,300,174,1,1,1.0
1,1000,301,0,0.01,31088,300,175,1,1,1.0
1,1000,301,0,0.01,31088,300,176,1,1,1.0
1,1000,301,0,0.01,31088,300,177,1,1,1.0
1,1000,301,0,0.01,31088,300,178,0,1,0.0
1,1000,301,0,0.01,31088,300,179,1,1,1.0
1,1000,301,0,0.01,31088,300,180,1,1,1.0
1,1000,301,0,0.01,31088,300,181,1,1,1.0
1,1000,301,0,0.01,31088,300,182,1,1,1.0
1,1000,301,0,0.01,31088,300,183,1,1,1.0
1,1000,301,0,0.01,31088,300,184,1,1,1.0
1,1000,301,0,0.01,31088,300,185,1,1,1.0
1,1000,301,0,0.01,31088,300,186,1,1,1.0
1,1000,301,0,0.01,31088,300,187,1,1,1.0
1,1000,301,0,0.01,31088,300,188,1,1,1.0
1,1000,301,0,0.01,31088,300,189,1,1,1.0
1,1000,301,0,0.01,31088,300,190,1,1,1.0
1,1000,301,0,0.01,31088,300,191,1,1,1.0
1,1000,301,0,0.01,31088,300,192,1,1,1.0
1,1000,301,0,0.01,31088,300,193,1,1,1.0
1,1000,301,0,0.01,31088,300,194,1,1,1.0
1,1000,301,0,0.01,31088,300,195,1,1,1.0
1,1000,301,0,0.01,31088,300,196,1,1,1.0
1,1000,301,0,0.01,31088,300,197,0,1,0.0
1,1000,301,0,0.01,31088,300,198,1,1,1.0
1,1000,301,0,0.01,31088,300,199,1,1,1.0
1,1000,301,0,0.01,31088,300,200,1,1,1.0
1,1000,301,0,0.01,31088,300,201,1,1,1.0
1,1000,301,0,0.01,31088,300,202,1,1,1.0
1,1000,301,0,0.01,31088,300,203,1,1,1.0
1,1000,301,0,0.01,31088,300,204,0,1,0.0
1,1000,301,0,0.01,31088,300,205,1,1,1.0
1,1000,301,0,0.01,31088,300,206,1,1,1.0
1,1000,301,0,0.01,31088,300,207,1,1,1.0
1,1000,301,0,0.01,31088,300,208,1,1,1.0
1,1000,301,0,0.01,31088,300,209,1,1,1.0
1,1000,301,0,0.01,31088,300,210,1,1,1.0
1,1000,301,0,0.01,31088,300,211,1,1,1.0
1,1000,301,0,0.01,31088,300,212,1,1,1.0
1,1000,301,0,0.01,31088,300,213,1,1,1.0
1,1000,301,0,0.01,31088,300,214,1,1,1.0
1,1000,301,0,0.01,31088,300,215,1,1,1.0
1,1000,301,0,0.01,31088,300,216,1,1,1.0
1,1000,301,0,0.01,31088,300,217,1,1,1.0
1,1000,301,0,0.01,31088,300,218,1,1,1.0
1,1000,301,0,0.01,31088,300,219,0,1,0.0
1,1000,301,0,0.01,31088,300,220,0,1,0.0
1,1000,301,0,0.01,31088,300,221,1,1,1.0
1,1000,301,0,0.01,31088,300,222,1,1,1.0
1,1000,301,0,0.01,31088,300,223,1,1,1.0
1,1000,301,0,0.01,31088,300,224,1,1,1.0
1,1000,301,0,0.01,31088,300,225,1,1,1.0
1,1000,301,0,0.01,31088,300,226,1,1,1.0
1,1000,301,0,0.01,31088,300,227,1,1,1.0
1,1000,301,0,0.01,31088,300,228,0,1,0.0
1,1000,301,0,0.01,31088,300,229,1,1,1.0
1,1000,301,0,0.01,31088,300,230,0,1,0.0
1,1000,301,0,0.01,31088,300,231,1,1,1.0
1,1000,301,0,0.01,31088,300,232,1,1,1.0
1,1000,301,0,0.01,31088,300,233,1,1,1.0
1,1000,301,0,0.01,31088,300,234,0,1,0.0
1,1000,301,0,0.01,31088,300,235,1,1,1.0
1,1000,301,0,0.01,31088,300,236,1,1,1.0
1,1000,301,0,0.01,31088,300,237,1,1,1.0
1,1000,301,0,0.01,31088,300,238,1,1,1.0
1,1000,301,0,0.01,31088,300,239,1,1,1.0
1,1000,301,0,0.01,31088,300,240,1,1,1.0
1,1000,301,0,0.01,31088,300,241,1,1,1.0
1,1000,301,0,0.01,31088,300,242,1,1,1.0
1,1000,301,0,0.01,31088,300,243,1,1,1.0
1,1000,301,0,0.01,31088,300,244,1,1,1.0
1,1000,301,0,0.01,31088,300,245,1,1,1.0
1,1000,301,0,0.01,31088,300,246,1,1,1.0
1,1000,301,0,0.01,31088,300,247,1,1,1.0
1,1000,301,0,0.01,31088,300,248,0,1,0.0
1,1000,301,0,0.01,31088,300,249,1,1,1.0
1,1000,301,0,0.01,31088,300,250,1,1,1.0
1,1000,301,0,0.01,31088,300,251,1,1,1.0
1,1000,301,0,0.01,31088,300,252,1,1,1.0
1,1000,301,0,0.01,31088,300,253,0,1,0.0
1,1000,301,0,0.01,31088,300,254,0,1,0.0
1,1000,301,0,0.01,31088,300,255,1,1,1.0
1,1000,301,0,0.01,31088,300,256,1,1,1.0
1,1000,301,0,0.01,31088,300,257,1,1,1.0
1,1000,301,0,0.01,31088,300,258,1,1,1.0
1,1000,301,0,0.01,31088,300,259,1,1,1.0
1,1000,301,0,0.01,31088,300,260,0,1,0.0
1,1000,301,0,0.01,31088,300,261,0,1,0.0
1,1000,301,0,0.01,31088,300,262,1,1,1.0
1,1000,301,0,0.01,31088,300,263,1,1,1.0
1,1000,301,0,0.01,31088,300,264,1,1,1.0
1,1000,301,0,0.01,31088,300,265,0,1,0.0
1,1000,301,0,0.01,31088,300,266,1,1,1.0
1,1000,301,0,0.01,31088,300,267,1,1,1.0
1,1000,301,0,0.01,31088,300,268,1,1,1.0
1,1000,301,0,0.01,31088,300,269,1,1,1.0
1,1000,301,0,0.01,31088,300,270,1,1,1.0
1,1000,301,0,0.01,31088,300,271,0,1,0.0
1,1000,301,0,0.01,31088,300,272,1,1,1.0
1,1000,301,0,0.01,31088,300,273,1,1,1.0
1,1000,301,0,0.01,31088,300,274,1,1,1.0
1,1000,301,0,0.01,31088,300,275,1,1,1.0
1,1000,301,0,0.01,31088,300,276,1,1,1.0
1,1000,301,0,0.01,31088,300,277,1,1,1.0
1,1000,301,0,0.01,31088,300,278,1,1,1.0
1,1000,301,0,0.01,31088,300,279,1,1,1.0
1,1000,301,0,0.01,31088,300,280,0,1,0.0
1,1000,301,0,0.01,31088,300,281,1,1,1.0
1,1000,301,0,0.01,31088,300,282,1,1,1.0
1,1000,301,0,0.01,31088,300,283,1,1,1.0
1,1000,301,0,0.01,31088,300,284,1,1,1.0
1,1000,301,0,0.01,31088,300,285,1,1,1.0
1,1000,301,0,0.01,31088,300,286,1,1,1.0
1,1000,301,0,0.01,31088,300,287,1,1,1.0
1,1000,301,0,0.01,31088,300,288,1,1,1.0
1,1000,301,0,0.01,31088,300,289,1,1,1.0
1,1000,301,0,0.01,31088,300,290,1,1,1.0
1,1000,301,0,0.01,31088,300,291,1,1,1.0
1,1000,301,0,0.01,31088,300,292,1,1,1.0
1,1000,301,0,0.01,31088,300,293,1,1,1.0
1,1000,301,0,0.01,31088,300,294,1,1,1.0
1,1000,301,0,0.01,31088,300,295,1,1,1.0
1,1000,301,0,0.01,31088,300,296,1,1,1.0
1,1000,301,0,0.01,31088,300,297,1,1,1.0
1,1000,301,0,0.01,31088,300,298,1,1,1.0
1,1000,301,0,0.01,31088,300,299,1,1,1.0
1,1000,301,0,0.01,31088,300,300,1,1,1.0
1,1000,301,0,0.01,31088,300,301,1,1,1.0
1,1000,301,0,0.01,31088,300,302,1,1,1.0
1,1000,301,0,0.01,31088,300,303,1,1,1.0
1,1000,301,0,0.01,31088,300,304,0,1,0.0
1,1000,301,0,0.01,31088,300,305,1,1,1.0
1,1000,301,0,0.01,31088,300,306,1,1,1.0
1,1000,301,0,0.01,31088,300,307,1,1,1.0
1,1000,301,0,0.01,31088,300,308,1,1,1.0
1,1000,301,0,0.01,31088,300,309,1,1,1.0
1,1000,301,0,0.01,31088,300,310,1,1,1.0
1,1000,301,0,0.01,31088,300,311,1,1,1.0
1,1000,301,0,0.01,31088,300,312,1,1,1.0
1,1000,301,0,0.01,31088,300,313,1,1,1.0
1,1000,301,0,0.01,31088,300,314,1,1,1.0
1,1000,301,0,0.01,31088,300,315,1,1,1.0
1,1000,301,0,0.01,31088,300,316,1,1,1.0
1,1000,301,0,0.01,31088,300,317,1,1,1.0
1,1000,301,0,0.01,31088,300,318,1,1,1.0
1,1000,301,0,0.01,31088,300,319,1,1,1.0
1,1000,301,0,0.01,31088,300,320,1,1,1.0
1,1000,301,0,0.01,31088,300,321,1,1,1.0
1,1000,301,0,0.01,31088,300,322,1,1,1.0
1,1000,301,0,0.01,31088,300,323,1,1,1.0
1,1000,301,0,0.01,31088,300,324,1,1,1.0
1,1000,301,0,0.01,31088,300,325,1,1,1.0
1,1000,301,0,0.01,31088,300,326,1,1,1.0
1,1000,301,0,0.01,31088,300,327,1,1,1.0
1,1000,301,0,0.01,31088,300,328,1,1,1.0
1,1000,301,0,0.01,31088,300,329,1,1,1.0
1,1000,301,0,0.01,31088,300,330,1,1,1.0
1,1000,301,0,0.01,31088,300,331,1,1,1.0
1,1000,301,0,0.01,31088,300,332,1,1,1.0
1,1000,301,0,0.01,31088,300,333,1,1,1.0
1,1000,301,0,0.01,31088,300,334,1,1,1.0
1,1000,301,0,0.01,31088,300,335,0,1,0.0
1,1000,301,0,0.01,31088,300,336,1,1,1.0
1,1000,301,0,0.01,31088,300,337,1,1,1.0
1,1000,301,0,0.01,31088,300,338,1,1,1.0
1,1000,301,0,0.01,31088,300,339,1,1,1.0
1,1000,301,0,0.01,31088,300,340,1,1,1.0
1,1000,301,0,0.01,31088,300,341,1,1,1.0
1,1000,301,0,0.01,31088,300,342,1,1,1.0
1,1000,301,0,0.01,31088,300,343,1,1,1.0
1,1000,301,0,0.01,31088,300,344,1,1,1.0
1,1000,301,0,0.01,31088,300,345,0,1,0.0
1,1000,301,0,0.01,31088,300,346,1,1,1.0
1,1000,301,0,0.01,31088,300,347,1,1,1.0
1,1000,301,0,0.01,31088,300,348,1,1,1.0
1,1000,301,0,0.01,31088,300,349,0,1,0.0
1,1000,301,0,0.01,31088,300,350,1,1,1.0
1,1000,301,0,0.01,31088,300,351,0,1,0.0
1,1000,301,0,0.01,31088,300,352,1,1,1.0
1,1000,301,0,0.01,31088,300,353,0,1,0.0
1,1000,301,0,0.01,31088,300,354,1,1,1.0
1,1000,301,0,0.01,31088,300,355,1,1,1.0
1,1000,301,0,0.01,31088,300,356,1,1,1.0
1,1000,301,0,0.01,31088,300,357,1,1,1.0
1,1000,301,0,0.01,31088,300,358,1,1,1.0
1,1000,301,0,0.01,31088,300,359,1,1,1.0
1,1000,301,0,0.01,31088,300,360,1,1,1.0
1,1000,301,0,0.01,31088,300,361,1,1,1.0
1,1000,301,0,0.01,31088,300,362,1,1,1.0
1,1000,301,0,0.01,31088,300,363,1,1,1.0
1,1000,301,0,0.01,31088,300,364,1,1,1.0
1,1000,301,0,0.01,31088,300,365,1,1,1.0
1,1000,301,0,0.01,31088,300,366,0,1,0.0
1,1000,301,0,0.01,31088,300,367,0,1,0.0
1,1000,301,0,0.01,31088,300,368,1,1,1.0
1,1000,301,0,0.01,31088,300,369,1,1,1.0
1,1000,301,0,0.01,31088,300,370,1,1,1.0
1,1000,301,0,0.01,31088,300,371,1,1,1.0
1,1000,301,0,0.01,31088,300,372,1,1,1.0
1,1000,301,0,0.01,31088,300,373,1,1,1.0
1,1000,301,0,0.01,31088,300,374,1,1,1.0
1,1000,301,0,0.01,31088,300,375,1,1,1.0
1,1000,301,0,0.01,31088,300,376,1,1,1.0
1,1000,301,0,0.01,31088,300,377,1,1,1.0
1,1000,301,0,0.01,31088,300,378,1,1,1.0
1,1000,301,0,0.01,31088,300,379,1,1,1.0
1,1000,301,0,0.01,31088,300,380,1,1,1.0
1,1000,301,0,0.01,31088,300,381,1,1,1.0
1,1000,301,0,0.01,31088,300,382,1,1,1.0
1,1000,301,0,0.01,31088,300,383,0,1,0.0
1,1000,301,0,0.01,31088,300,384,0,1,0.0
1,1000,301,0,0.01,31088,300,385,1,1,1.0
1,1000,301,0,0.01,31088,300,386,1,1,1.0
1,1000,301,0,0.01,31088,300,387,1,1,1.0
1,1000,301,0,0.01,31088,300,388,1,1,1.0
1,1000,301,0,0.01,31088,300,389,1,1,1.0
1,1000,301,0,0.01,31088,300,390,1,1,1.0
1,1000,301,0,0.01,31088,300,391,1,1,1.0
1,1000,301,0,0.01,31088,300,392,1,1,1.0
1,1000,301,0,0.01,31088,300,393,1,1,1.0
1,1000,301,0,0.01,31088,300,394,1,1,1.0
1,1000,301,0,0.01,31088,300,395,1,1,1.0
1,1000,301,0,0.01,31088,300,396,1,1,1.0
1,1000,301,0,0.01,31088,300,397,1,1,1.0
1,1000,301,0,0.01,31088,300,398,1,1,1.0
1,1000,301,0,0.01,31088,300,399,1,1,1.0
1,1000,301,0,0.01,31088,300,400,1,1,1.0
1,1000,301,0,0.01,31088,300,401,1,1,1.0
1,1000,301,0,0.01,31088,300,402,1,1,1.0
1,1000,301,0,0.01,31088,300,403,1,1,1.0
1,1000,301,0,0.01,31088,300,404,1,1,1.0
1,1000,301,0,0.01,31088,300,405,0,1,0.0
1,1000,301,0,0.01,31088,300,406,1,1,1.0
1,1000,301,0,0.01,31088,300,407,1,1,1.0
1,1000,301,0,0.01,31088,300,408,1,1,1.0
1,1000,301,0,0.01,31088,300,409,1,1,1.0
1,1000,301,0,0.01,31088,300,410,1,1,1.0
1,1000,301,0,0.01,31088,300,411,1,1,1.0
1,1000,301,0,0.01,31088,300,412,1,1,1.0
1,1000,301,0,0.01,31088,300,413,1,1,1.0
1,1000,301,0,0.01,31088,300,414,1,1,1.0
1,1000,301,0,0.01,31088,300,415,1,1,1.0
1,1000,301,0,0.01,31088,300,416,1,1,1.0
1,1000,301,0,0.01,31088,300,417,1,1,1.0
1,1000,301,0,0.01,31088,300,418,1,1,1.0
1,1000,301,0,0.01,31088,300,419,1,1,1.0
1,1000,301,0,0.01,31088,300,420,1,1,1.0
1,1000,301,0,0.01,31088,300,421,1,1,1.0
1,1000,301,0,0.01,31088,300,422,1,1,1.0
1,1000,301,0,0.01,31088,300,423,1,1,1.0
1,1000,301,0,0.01,31088,300,424,0,1,0.0
1,1000,301,0,0.01,31088,300,425,1,1,1.0
1,1000,301,0,0.01,31088,300,426,1,1,1.0
1,1000,301,0,0.01,31088,300,427,1,1,1.0
1,1000,301,0,0.01,31088,300,428,0,1,0.0
1,1000,301,0,0.01,31088,300,429,1,1,1.0
1,1000,301,0,0.01,31088,300,430,1,1,1.0
1,1000,301,0,0.01,31088,300,431,1,1,1.0
1,1000,301,0,0.01,31088,300,432,1,1,1.0
1,1000,301,0,0.01,31088,300,433,1,1,1.0
1,1000,301,0,0.01,31088,300,434,1,1,1.0
1,1000,301,0,0.01,31088,300,435,1,1,1.0
1,1000,301,0,0.01,31088,300,436,1,1,1.0
1,1000,301,0,0.01,31088,300,437,1,1,1.0
1,1000,301,0,0.01,31088,300,438,0,1,0.0
1,1000,301,0,0.01,31088,300,439,0,1,0.0
1,1000,301,0,0.01,31088,300,440,1,1,1.0
1,1000,301,0,0.01,31088,300,441,1,1,1.0
1,1000,301,0,0.01,31088,300,442,1,1,1.0
1,1000,301,0,0.01,31088,300,443,1,1,1.0
1,1000,301,0,0.01,31088,300,444,0,1,0.0
1,1000,301,0,0.01,31088,300,445,1,1,1.0
1,1000,301,0,0.01,31088,300,446,1,1,1.0
1,1000,301,0,0.01,31088,300,447,1,1,1.0
1,1000,301,0,0.01,31088,300,448,1,1,1.0
1,1000,301,0,0.01,31088,300,449,1,1,1.0
1,1000,301,0,0.01,31088,300,450,0,1,0.0
1,1000,301,0,0.01,31088,300,451,0,1,0.0
1,1000,301,0,0.01,31088,300,452,1,1,1.0
1,1000,301,0,0.01,31088,300,453,1,1,1.0
1,1000,301,0,0.01,31088,300,454,0,1,0.0
1,1000,301,0,0.01,31088,300,455,1,1,1.0
1,1000,301,0,0.01,31088,300,456,1,1,1.0
1,1000,301,0,0.01,31088,300,457,1,1,1.0
1,1000,301,0,0.01,31088,300,458,1,1,1.0
1,1000,301,0,0.01,31088,300,459,1,1,1.0
1,1000,301,0,0.01,31088,300,460,1,1,1.0
1,1000,301,0,0.01,31088,300,461,1,1,1.0
1,1000,301,0,0.01,31088,300,462,1,1,1.0
1,1000,301,0,0.01,31088,300,463,1,1,1.0
1,1000,301,0,0.01,31088,300,464,1,1,1.0
1,1000,301,0,0.01,31088,300,465,1,1,1.0
1,1000,301,0,0.01,31088,300,466,1,1,1.0
1,1000,301,0,0.01,31088,300,467,1,1,1.0
1,1000,301,0,0.01,31088,300,468,1,1,1.0
1,1000,301,0,0.01,31088,300,469,1,1,1.0
1,1000,301,0,0.01,31088,300,470,1,1,1.0
1,1000,301,0,0.01,31088,300,471,1,1,1.0
1,1000,301,0,0.01,31088,300,472,1,1,1.0
1,1000,301,0,0.01,31088,300,473,0,1,0.0
1,1000,301,0,0.01,31088,300,474,1,1,1.0
1,1000,301,0,0.01,31088,300,475,0,1,0.0
1,1000,301,0,0.01,31088,300,476,1,1,1.0
1,1000,301,0,0.01,31088,300,477,1,1,1.0
1,1000,301,0,0.01,31088,300,478,1,1,1.0
1,1000,301,0,0.01,31088,300,479,1,1,1.0
1,1000,301,0,0.01,31088,300,480,1,1,1.0
1,1000,301,0,0.01,31088,300,481,1,1,1.0
1,1000,301,0,0.01,31088,300,482,1,1,1.0
1,1000,301,0,0.01,31088,300,483,1,1,1.0
1,1000,301,0,0.01,31088,300,484,1,1,1.0
1,1000,301,0,0.01,31088,300,485,1,1,1.0
1,1000,301,0,0.01,31088,300,486,1,1,1.0
1,1000,301,0,0.01,31088,300,487,1,1,1.0
1,1000,301,0,0.01,31088,300,488,1,1,1.0
1,1000,301,0,0.01,31088,300,489,1,1,1.0
1,1000,301,0,0.01,31088,300,490,0,1,0.0
1,1000,301,0,0.01,31088,300,491,1,1,1.0
1,1000,301,0,0.01,31088,300,492,0,1,0.0
1,1000,301,0,0.01,31088,300,493,1,1,1.0
1,1000,301,0,0.01,31088,300,494,0,1,0.0
1,1000,301,0,0.01,31088,300,495,1,1,1.0
1,1000,301,0,0.01,31088,300,496,1,1,1.0
1,1000,301,0,0.01,31088,300,497,1,1,1.0
1,1000,301,0,0.01,31088,300,498,1,1,1.0
1,1000,301,0,0.01,31088,300,499,1,1,1.0
1,1000,301,0,0.01,31088,300,500,1,1,1.0
1,1000,301,0,0.01,31088,300,501,1,1,1.0
1,1000,301,0,0.01,31088,300,502,0,1,0.0
1,1000,301,0,0.01,31088,300,503,1,1,1.0
1,1000,301,0,0.01,31088,300,504,1,1,1.0
1,1000,301,0,0.01,31088,300,505,1,1,1.0
1,1000,301,0,0.01,31088,300,506,1,1,1.0
1,1000,301,0,0.01,31088,300,507,1,1,1.0
1,1000,301,0,0.01,31088,300,508,1,1,1.0
1,1000,301,0,0.01,31088,300,509,1,1,1.0
1,1000,301,0,0.01,31088,300,510,1,1,1.0
1,1000,301,0,0.01,31088,300,511,0,1,0.0
1,1000,301,0,0.01,31088,300,512,1,1,1.0
1,1000,301,0,0.01,31088,300,513,1,1,1.0
1,1000,301,0,0.01,31088,300,514,1,1,1.0
1,1000,301,0,0.01,31088,300,515,1,1,1.0
1,1000,301,0,0.01,31088,300,516,1,1,1.0
1,1000,301,0,0.01,31088,300,517,1,1,1.0
1,1000,301,0,0.01,31088,300,518,1,1,1.0
1,1000,301,0,0.01,31088,300,519,1,1,1.0
1,1000,301,0,0.01,31088,300,520,1,1,1.0
1,1000,301,0,0.01,31088,300,521,1,1,1.0
1,1000,301,0,0.01,31088,300,522,1,1,1.0
1,1000,301,0,0.01,31088,300,523,1,1,1.0
1,1000,301,0,0.01,31088,300,524,1,1,1.0
1,1000,301,0,0.01,31088,300,525,1,1,1.0
1,1000,301,0,0.01,31088,300,526,1,1,1.0
1,1000,301,0,0.01,31088,300,527,1,1,1.0
1,1000,301,0,0.01,31088,300,528,1,1,1.0
1,1000,301,0,0.01,31088,300,529,1,1,1.0
1,1000,301,0,0.01,31088,300,530,1,1,1.0
1,1000,301,0,0.01,31088,300,531,1,1,1.0
1,1000,301,0,0.01,31088,300,532,1,1,1.0
1,1000,301,0,0.01,31088,300,533,1,1,1.0
1,1000,301,0,0.01,31088,300,534,1,1,1.0
1,1000,301,0,0.01,31088,300,535,1,1,1.0
1,1000,301,0,0.01,31088,300,536,1,1,1.0
1,1000,301,0,0.01,31088,300,537,0,1,0.0
1,1000,301,0,0.01,31088,300,538,1,1,1.0
1,1000,301,0,0.01,31088,300,539,1,1,1.0
1,1000,301,0,0.01,31088,300,540,0,1,0.0
1,1000,301,0,0.01,31088,300,541,1,1,1.0
1,1000,301,0,0.01,31088,300,542,1,1,1.0
1,1000,301,0,0.01,31088,300,543,1,1,1.0
1,1000,301,0,0.01,31088,300,544,1,1,1.0
1,1000,301,0,0.01,31088,300,545,1,1,1.0
1,1000,301,0,0.01,31088,300,546,1,1,1.0
1,1000,301,0,0.01,31088,300,547,1,1,1.0
1,1000,301,0,0.01,31088,300,548,1,1,1.0
1,1000,301,0,0.01,31088,300,549,1,1,1.0
1,1000,301,0,0.01,31088,300,550,1,1,1.0
1,1000,301,0,0.01,31088,300,551,1,1,1.0
1,1000,301,0,0.01,31088,300,552,1,1,1.0
1,1000,301,0,0.01,31088,300,553,1,1,1.0
1,1000,301,0,0.01,31088,300,554,1,1,1.0
1,1000,301,0,0.01,31088,300,555,1,1,1.0
1,1000,301,0,0.01,31088,300,556,1,1,1.0
1,1000,301,0,0.01,31088,300,557,1,1,1.0
1,1000,301,0,0.01,31088,300,558,1,1,1.0
1,1000,301,0,0.01,31088,300,559,1,1,1.0
1,1000,301,0,0.01,31088,300,560,1,1,1.0
1,1000,301,0,0.01,31088,300,561,1,1,1.0
1,1000,301,0,0.01,31088,300,562,1,1,1.0
1,1000,301,0,0.01,31088,300,563,1,1,1.0
1,1000,301,0,0.01,31088,300,564,0,1,0.0
1,1000,301,0,0.01,31088,300,565,1,1,1.0
1,1000,301,0,0.01,31088,300,566,0,1,0.0
1,1000,301,0,0.01,31088,300,567,1,1,1.0
1,1000,301,0,0.01,31088,300,568,0,1,0.0
1,1000,301,0,0.01,31088,300,569,1,1,1.0
1,1000,301,0,0.01,31088,300,570,1,1,1.0
1,1000,301,0,0.01,31088,300,571,1,1,1.0
1,1000,301,0,0.01,31088,300,572,1,1,1.0
1,1000,301,0,0.01,31088,300,573,1,1,1.0
1,1000,301,0,0.01,31088,300,574,1,1,1.0
1,1000,301,0,0.01,31088,300,575,1,1,1.0
1,1000,301,0,0.01,31088,300,576,1,1,1.0
1,1000,301,0,0.01,31088,300,577,1,1,1.0
1,1000,301,0,0.01,31088,300,578,1,1,1.0
1,1000,301,0,0.01,31088,300,579,1,1,1.0
1,1000,301,0,0.01,31088,300,580,1,1,1.0
1,1000,301,0,0.01,31088,300,581,1,1,1.0
1,1000,301,0,0.01,31088,300,582,0,1,0.0
1,1000,301,0,0.01,31088,300,583,1,1,1.0
1,1000,301,0,0.01,31088,300,584,1,1,1.0
1,1000,301,0,0.01,31088,300,585,1,1,1.0
1,1000,301,0,0.01,31088,300,586,0,1,0.0
1,1000,301,0,0.01,31088,300,587,1,1,1.0
1,1000,301,0,0.01,31088,300,588,1,1,1.0
1,1000,301,0,0.01,31088,300,589,1,1,1.0
1,1000,301,0,0.01,31088,300,590,1,1,1.0
1,1000,301,0,0.01,31088,300,591,1,1,1.0
1,1000,301,0,0.01,31088,300,592,1,1,1.0
1,1000,301,0,0.01,31088,300,593,1,1,1.0
1,1000,301,0,0.01,31088,300,594,1,1,1.0
1,1000,301,0,0.01,31088,300,595,1,1,1.0
1,1000,301,0,0.01,31088,300,596,1,1,1.0
1,1000,301,0,0.01,31088,300,597,1,1,1.0
1,1000,301,0,0.01,31088,300,598,1,1,1.0
1,1000,301,0,0.01,31088,300,599,1,1,1.0
1,1000,301,0,0.01,31088,300,600,1,1,1.0
1,1000,301,0,0.01,31088,300,601,0,1,0.0
1,1000,301,0,0.01,31088,300,602,1,1,1.0
1,1000,301,0,0.01,31088,300,603,1,1,1.0
1,1000,301,0,0.01,31088,300,604,1,1,1.0
1,1000,301,0,0.01,31088,300,605,1,1,1.0
1,1000,301,0,0.01,31088,300,606,1,1,1.0
1,1000,301,0,0.01,31088,300,607,1,1,1.0
1,1000,301,0,0.01,31088,300,608,1,1,1.0
1,1000,301,0,0.01,31088,300,609,1,1,1.0
1,1000,301,0,0.01,31088,300,610,1,1,1.0
1,1000,301,0,0.01,31088,300,611,1,1,1.0
1,1000,301,0,0.01,31088,300,612,1,1,1.0
1,1000,301,0,0.01,31088,300,613,1,1,1.0
1,1000,301,0,0.01,31088,300,614,1,1,1.0
1,1000,301,0,0.01,31088,300,615,1,1,1.0
1,1000,301,0,0.01,31088,300,616,1,1,1.0
1,1000,301,0,0.01,31088,300,617,1,1,1.0
1,1000,301,0,0.01,31088,300,618,1,1,1.0
1,1000,301,0,0.01,31088,300,619,1,1,1.0
1,1000,301,0,0.01,31088,300,620,1,1,1.0
1,1000,301,0,0.01,31088,300,621,1,1,1.0
1,1000,301,0,0.01,31088,300,622,1,1,1.0
1,1000,301,0,0.01,31088,300,623,1,1,1.0
1,1000,301,0,0.01,31088,300,624,1,1,1.0
1,1000,301,0,0.01,31088,300,625,1,1,1.0
1,1000,301,0,0.01,31088,300,626,1,1,1.0
1,1000,301,0,0.01,31088,300,627,1,1,1.0
1,1000,301,0,0.01,31088,300,628,0,1,0.0
1,1000,301,0,0.01,31088,300,629,1,1,1.0
1,1000,301,0,0.01,31088,300,630,1,1,1.0
1,1000,301,0,0.01,31088,300,631,0,1,0.0
1,1000,301,0,0.01,31088,300,632,1,1,1.0
1,1000,301,0,0.01,31088,300,633,1,1,1.0
1,1000,301,0,0.01,31088,300,634,1,1,1.0
1,1000,301,0,0.01,31088,300,635,1,1,1.0
1,1000,301,0,0.01,31088,300,636,1,1,1.0
1,1000,301,0,0.01,31088,300,637,0,1,0.0
1,1000,301,0,0.01,31088,300,638,1,1,1.0
1,1000,301,0,0.01,31088,300,639,1,1,1.0
1,1000,301,0,0.01,31088,300,640,1,1,1.0
1,1000,301,0,0.01,31088,300,641,1,1,1.0
1,1000,301,0,0.01,31088,300,642,1,1,1.0
1,1000,301,0,0.01,31088,300,643,1,1,1.0
1,1000,301,0,0.01,31088,300,644,1,1,1.0
1,1000,301,0,0.01,31088,300,645,1,1,1.0
1,1000,301,0,0.01,31088,300,646,1,1,1.0
1,1000,301,0,0.01,31088,300,647,1,1,1.0
1,1000,301,0,0.01,31088,300,648,1,1,1.0
1,1000,301,0,0.01,31088,300,649,1,1,1.0
1,1000,301,0,0.01,31088,300,650,1,1,1.0
1,1000,301,0,0.01,31088,300,651,1,1,1.0
1,1000,301,0,0.01,31088,300,652,1,1,1.0
1,1000,301,0,0.01,31088,300,653,1,1,1.0
1,1000,301,0,0.01,31088,300,654,1,1,1.0
1,1000,301,0,0.01,31088,300,655,1,1,1.0
1,1000,301,0,0.01,31088,300,656,1,1,1.0
1,1000,301,0,0.01,31088,300,657,1,1,1.0
1,1000,301,0,0.01,31088,300,658,1,1,1.0
1,1000,301,0,0.01,31088,300,659,1,1,1.0
1,1000,301,0,0.01,31088,300,660,1,1,1.0
1,1000,301,0,0.01,31088,300,661,1,1,1.0
1,1000,301,0,0.01,31088,300,662,1,1,1.0
1,1000,301,0,0.01,31088,300,663,0,1,0.0
1,1000,301,0,0.01,31088,300,664,1,1,1.0
1,1000,301,0,0.01,31088,300,665,1,1,1.0
1,1000,301,0,0.01,31088,300,666,1,1,1.0
1,1000,301,0,0.01,31088,300,667,1,1,1.0
1,1000,301,0,0.01,31088,300,668,1,1,1.0
1,1000,301,0,0.01,31088,300,669,1,1,1.0
1,1000,301,0,0.01,31088,300,670,1,1,1.0
1,1000,301,0,0.01,31088,300,671,1,1,1.0
1,1000,301,0,0.01,31088,300,672,1,1,1.0
1,1000,301,0,0.01,31088,300,673,1,1,1.0
1,1000,301,0,0.01,31088,300,674,1,1,1.0
1,1000,301,0,0.01,31088,300,675,0,1,0.0
1,1000,301,0,0.01,31088,300,676,1,1,1.0
1,1000,301,0,0.01,31088,300,677,1,1,1.0
1,1000,301,0,0.01,31088,300,678,1,1,1.0
1,1000,301,0,0.01,31088,300,679,1,1,1.0
1,1000,301,0,0.01,31088,300,680,1,1,1.0
1,1000,301,0,0.01,31088,300,681,1,1,1.0
1,1000,301,0,0.01,31088,300,682,0,1,0.0
1,1000,301,0,0.01,31088,300,683,1,1,1.0
1,1000,301,0,0.01,31088,300,684,1,1,1.0
1,1000,301,0,0.01,31088,300,685,0,1,0.0
1,1000,301,0,0.01,31088,300,686,1,1,1.0
1,1000,301,0,0.01,31088,300,687,0,1,0.0
1,1000,301,0,0.01,31088,300,688,1,1,1.0
1,1000,301,0,0.01,31088,300,689,1,1,1.0
1,1000,301,0,0.01,31088,300,690,1,1,1.0
1,1000,301,0,0.01,31088,300,691,1,1,1.0
1,1000,301,0,0.01,31088,300,692,1,1,1.0
1,1000,301,0,0.01,31088,300,693,1,1,1.0
1,1000,301,0,0.01,31088,300,694,0,1,0.0
1,1000,301,0,0.01,31088,300,695,1,1,1.0
1,1000,301,0,0.01,31088,300,696,1,1,1.0
1,1000,301,0,0.01,31088,300,697,1,1,1.0
1,1000,301,0,0.01,31088,300,698,1,1,1.0
1,1000,301,0,0.01,31088,300,699,1,1,1.0
1,1000,301,0,0.01,31088,300,700,1,1,1.0
1,1000,301,0,0.01,31088,300,701,1,1,1.0
1,1000,301,0,0.01,31088,300,702,0,1,0.0
1,1000,301,0,0.01,31088,300,703,1,1,1.0
1,1000,301,0,0.01,31088,300,704,1,1,1.0
1,1000,301,0,0.01,31088,300,705,1,1,1.0
1,1000,301,0,0.01,31088,300,706,1,1,1.0
1,1000,301,0,0.01,31088,300,707,1,1,1.0
1,1000,301,0,0.01,31088,300,708,1,1,1.0
1,1000,301,0,0.01,31088,300,709,1,1,1.0
1,1000,301,0,0.01,31088,300,710,1,1,1.0
1,1000,301,0,0.01,31088,300,711,1,1,1.0
1,1000,301,0,0.01,31088,300,712,0,1,0.0
1,1000,301,0,0.01,31088,300,713,1,1,1.0
1,1000,301,0,0.01,31088,300,714,1,1,1.0
1,1000,301,0,0.01,31088,300,715,1,1,1.0
1,1000,301,0,0.01,31088,300,716,1,1,1.0
1,1000,301,0,0.01,31088,300,717,1,1,1.0
1,1000,301,0,0.01,31088,300,718,1,1,1.0
1,1000,301,0,0.01,31088,300,719,1,1,1.0
1,1000,301,0,0.01,31088,300,720,1,1,1.0
1,1000,301,0,0.01,31088,300,721,1,1,1.0
1,1000,301,0,0.01,31088,300,722,1,1,1.0
1,1000,301,0,0.01,31088,300,723,1,1,1.0
1,1000,301,0,0.01,31088,300,724,1,1,1.0
1,1000,301,0,0.01,31088,300,725,1,1,1.0
1,1000,301,0,0.01,31088,300,726,1,1,1.0
1,1000,301,0,0.01,31088,300,727,1,1,1.0
1,1000,301,0,0.01,31088,300,728,0,1,0.0
1,1000,301,0,0.01,31088,300,729,1,1,1.0
1,1000,301,0,0.01,31088,300,730,1,1,1.0
1,1000,301,0,0.01,31088,300,731,1,1,1.0
1,1000,301,0,0.01,31088,300,732,1,1,1.0
1,1000,301,0,0.01,31088,300,733,1,1,1.0
1,1000,301,0,0.01,31088,300,734,1,1,1.0
1,1000,301,0,0.01,31088,300,735,1,1,1.0
1,1000,301,0,0.01,31088,300,736,1,1,1.0
1,1000,301,0,0.01,31088,300,737,0,1,0.0
1,1000,301,0,0.01,31088,300,738,1,1,1.0
1,1000,301,0,0.01,31088,300,739,1,1,1.0
1,1000,301,0,0.01,31088,300,740,1,1,1.0
1,1000,301,0,0.01,31088,300,741,1,1,1.0
1,1000,301,0,0.01,31088,300,742,1,1,1.0
1,1000,301,0,0.01,31088,300,743,1,1,1.0
1,1000,301,0,0.01,31088,300,744,1,1,1.0
1,1000,301,0,0.01,31088,300,745,1,1,1.0
1,1000,301,0,0.01,31088,300,746,1,1,1.0
1,1000,301,0,0.01,31088,300,747,1,1,1.0
1,1000,301,0,0.01,31088,300,748,1,1,1.0
1,1000,301,0,0.01,31088,300,749,1,1,1.0
1,1000,301,0,0.01,31088,300,750,1,1,1.0
1,1000,301,0,0.01,31088,300,751,1,1,1.0
1,1000,301,0,0.01,31088,300,752,1,1,1.0
1,1000,301,0,0.01,31088,300,753,1,1,1.0
1,1000,301,0,0.01,31088,300,754,0,1,0.0
1,1000,301,0,0.01,31088,300,755,1,1,1.0
1,1000,301,0,0.01,31088,300,756,0,1,0.0
1,1000,301,0,0.01,31088,300,757,1,1,1.0
1,1000,301,0,0.01,31088,300,758,1,1,1.0
1,1000,301,0,0.01,31088,300,759,0,1,0.0
1,1000,301,0,0.01,31088,300,760,1,1,1.0
1,1000,301,0,0.01,31088,300,761,1,1,1.0
1,1000,301,0,0.01,31088,300,762,1,1,1.0
1,1000,301,0,0.01,31088,300,763,1,1,1.0
1,1000,301,0,0.01,31088,300,764,1,1,1.0
1,1000,301,0,0.01,31088,300,765,1,1,1.0
1,1000,301,0,0.01,31088,300,766,1,1,1.0
1,1000,301,0,0.01,31088,300,767,1,1,1.0
1,1000,301,0,0.01,31088,300,768,1,1,1.0
1,1000,301,0,0.01,31088,300,769,1,1,1.0
1,1000,301,0,0.01,31088,300,770,1,1,1.0
1,1000,301,0,0.01,31088,300,771,1,1,1.0
1,1000,301,0,0.01,31088,300,772,0,1,0.0
1,1000,301,0,0.01,31088,300,773,1,1,1.0
1,1000,301,0,0.01,31088,300,774,1,1,1.0
1,1000,301,0,0.01,31088,300,775,1,1,1.0
1,1000,301,0,0.01,31088,300,776,1,1,1.0
1,1000,301,0,0.01,31088,300,777,1,1,1.0
1,1000,301,0,0.01,31088,300,778,1,1,1.0
1,1000,301,0,0.01,31088,300,779,1,1,1.0
1,1000,301,0,0.01,31088,300,780,1,1,1.0
1,1000,301,0,0.01,31088,300,781,1,1,1.0
1,1000,301,0,0.01,31088,300,782,1,1,1.0
1,1000,301,0,0.01,31088,300,783,1,1,1.0
1,1000,301,0,0.01,31088,300,784,1,1,1.0
1,1000,301,0,0.01,31088,300,785,1,1,1.0
1,1000,301,0,0.01,31088,300,786,1,1,1.0
1,1000,301,0,0.01,31088,300,787,1,1,1.0
1,1000,301,0,0.01,31088,300,788,1,1,1.0
1,1000,301,0,0.01,31088,300,789,1,1,1.0
1,1000,301,0,0.01,31088,300,790,1,1,1.0
1,1000,301,0,0.01,31088,300,791,1,1,1.0
1,1000,301,0,0.01,31088,300,792,1,1,1.0
1,1000,301,0,0.01,31088,300,793,1,1,1.0
1,1000,301,0,0.01,31088,300,794,1,1,1.0
1,1000,301,0,0.01,31088,300,795,1,1,1.0
1,1000,301,0,0.01,31088,300,796,0,1,0.0
1,1000,301,0,0.01,31088,300,797,1,1,1.0
1,1000,301,0,0.01,31088,300,798,1,1,1.0
1,1000,301,0,0.01,31088,300,799,1,1,1.0
1,1000,301,0,0.01,31088,300,800,1,1,1.0
1,1000,301,0,0.01,31088,300,801,1,1,1.0
1,1000,301,0,0.01,31088,300,802,1,1,1.0
1,1000,301,0,0.01,31088,300,803,1,1,1.0
1,1000,301,0,0.01,31088,300,804,0,1,0.0
1,1000,301,0,0.01,31088,300,805,1,1,1.0
1,1000,301,0,0.01,31088,300,806,0,1,0.0
1,1000,301,0,0.01,31088,300,807,1,1,1.0
1,1000,301,0,0.01,31088,300,808,1,1,1.0
1,1000,301,0,0.01,31088,300,809,1,1,1.0
1,1000,301,0,0.01,31088,300,810,1,1,1.0
1,1000,301,0,0.01,31088,300,811,1,1,1.0
1,1000,301,0,0.01,31088,300,812,1,1,1.0
1,1000,301,0,0.01,31088,300,813,1,1,1.0
1,1000,301,0,0.01,31088,300,814,1,1,1.0
1,1000,301,0,0.01,31088,300,815,1,1,1.0
1,1000,301,0,0.01,31088,300,816,1,1,1.0
1,1000,301,0,0.01,31088,300,817,1,1,1.0
1,1000,301,0,0.01,31088,300,818,1,1,1.0
1,1000,301,0,0.01,31088,300,819,1,1,1.0
1,1000,301,0,0.01,31088,300,820,1,1,1.0
1,1000,301,0,0.01,31088,300,821,1,1,1.0
1,1000,301,0,0.01,31088,300,822,1,1,1.0
1,1000,301,0,0.01,31088,300,823,1,1,1.0
1,1000,301,0,0.01,31088,300,824,1,1,1.0
1,1000,301,0,0.01,31088,300,825,1,1,1.0
1,1000,301,0,0.01,31088,300,826,1,1,1.0
1,1000,301,0,0.01,31088,300,827,0,1,0.0
1,1000,301,0,0.01,31088,300,828,0,1,0.0
1,1000,301,0,0.01,31088,300,829,1,1,1.0
1,1000,301,0,0.01,31088,300,830,0,1,0.0
1,1000,301,0,0.01,31088,300,831,1,1,1.0
1,1000,301,0,0.01,31088,300,832,1,1,1.0
1,1000,301,0,0.01,31088,300,833,1,1,1.0
1,1000,301,0,0.01,31088,300,834,1,1,1.0
1,1000,301,0,0.01,31088,300,835,1,1,1.0
1,1000,301,0,0.01,31088,300,836,1,1,1.0
1,1000,301,0,0.01,31088,300,837,1,1,1.0
1,1000,301,0,0.01,31088,300,838,1,1,1.0
1,1000,301,0,0.01,31088,300,839,0,1,0.0
1,1000,301,0,0.01,31088,300,840,1,1,1.0
1,1000,301,0,0.01,31088,300,841,0,1,0.0
1,1000,301,0,0.01,31088,300,842,1,1,1.0
1,1000,301,0,0.01,31088,300,843,0,1,0.0
1,1000,301,0,0.01,31088,300,844,0,1,0.0
1,1000,301,0,0.01,31088,300,845,1,1,1.0
1,1000,301,0,0.01,31088,300,846,1,1,1.0
1,1000,301,0,0.01,31088,300,847,0,1,0.0
1,1000,301,0,0.01,31088,300,848,1,1,1.0
1,1000,301,0,0.01,31088,300,849,1,1,1.0
1,1000,301,0,0.01,31088,300,850,1,1,1.0
1,1000,301,0,0.01,31088,300,851,1,1,1.0
1,1000,301,0,0.01,31088,300,852,1,1,1.0
1,1000,301,0,0.01,31088,300,853,1,1,1.0
1,1000,301,0,0.01,31088,300,854,1,1,1.0
1,1000,301,0,0.01,31088,300,855,1,1,1.0
1,1000,301,0,0.01,31088,300,856,1,1,1.0
1,1000,301,0,0.01,31088,300,857,1,1,1.0
1,1000,301,0,0.01,31088,300,858,1,1,1.0
1,1000,301,0,0.01,31088,300,859,1,1,1.0
1,1000,301,0,0.01,31088,300,860,0,1,0.0
1,1000,301,0,0.01,31088,300,861,1,1,1.0
1,1000,301,0,0.01,31088,300,862,1,1,1.0
1,1000,301,0,0.01,31088,300,863,1,1,1.0
1,1000,301,0,0.01,31088,300,864,1,1,1.0
1,1000,301,0,0.01,31088,300,865,1,1,1.0
1,1000,301,0,0.01,31088,300,866,1,1,1.0
1,1000,301,0,0.01,31088,300,867,0,1,0.0
1,1000,301,0,0.01,31088,300,868,1,1,1.0
1,1000,301,0,0.01,31088,300,869,1,1,1.0
1,1000,301,0,0.01,31088,300,870,1,1,1.0
1,1000,301,0,0.01,31088,300,871,1,1,1.0
1,1000,301,0,0.01,31088,300,872,1,1,1.0
1,1000,301,0,0.01,31088,300,873,1,1,1.0
1,1000,301,0,0.01,31088,300,874,1,1,1.0
1,1000,301,0,0.01,31088,300,875,0,1,0.0
1,1000,301,0,0.01,31088,300,876,1,1,1.0
1,1000,301,0,0.01,31088,300,877,1,1,1.0
1,1000,301,0,0.01,31088,300,878,1,1,1.0
1,1000,301,0,0.01,31088,300,879,1,1,1.0
1,1000,301,0,0.01,31088,300,880,1,1,1.0
1,1000,301,0,0.01,31088,300,881,0,1,0.0
1,1000,301,0,0.01,31088,300,882,1,1,1.0
1,1000,301,0,0.01,31088,300,883,1,1,1.0
1,1000,301,0,0.01,31088,300,884,1,1,1.0
1,1000,301,0,0.01,31088,300,885,1,1,1.0
1,1000,301,0,0.01,31088,300,886,1,1,1.0
1,1000,301,0,0.01,31088,300,887,1,1,1.0
1,1000,301,0,0.01,31088,300,888,1,1,1.0
1,1000,301,0,0.01,31088,300,889,1,1,1.0
1,1000,301,0,0.01,31088,300,890,1,1,1.0
1,1000,301,0,0.01,31088,300,891,1,1,1.0
1,1000,301,0,0.01,31088,300,892,1,1,1.0
1,1000,301,0,0.01,31088,300,893,1,1,1.0
1,1000,301,0,0.01,31088,300,894,1,1,1.0
1,1000,301,0,0.01,31088,300,895,1,1,1.0
1,1000,301,0,0.01,31088,300,896,1,1,1.0
1,1000,301,0,0.01,31088,300,897,0,1,0.0
1,1000,301,0,0.01,31088,300,898,1,1,1.0
1,1000,301,0,0.01,31088,300,899,1,1,1.0
1,1000,301,0,0.01,31088,300,900,0,1,0.0
1,1000,301,0,0.01,31088,300,901,1,1,1.0
1,1000,301,0,0.01,31088,300,902,1,1,1.0
1,1000,301,0,0.01,31088,300,903,1,1,1.0
1,1000,301,0,0.01,31088,300,904,0,1,0.0
1,1000,301,0,0.01,31088,300,905,1,1,1.0
1,1000,301,0,0.01,31088,300,906,1,1,1.0
1,1000,301,0,0.01,31088,300,907,1,1,1.0
1,1000,301,0,0.01,31088,300,908,1,1,1.0
1,1000,301,0,0.01,31088,300,909,1,1,1.0
1,1000,301,0,0.01,31088,300,910,1,1,1.0
1,1000,301,0,0.01,31088,300,911,1,1,1.0
1,1000,301,0,0.01,31088,300,912,1,1,1.0
1,1000,301,0,0.01,31088,300,913,1,1,1.0
1,1000,301,0,0.01,31088,300,914,1,1,1.0
1,1000,301,0,0.01,31088,300,915,1,1,1.0
1,1000,301,0,0.01,31088,300,916,1,1,1.0
1,1000,301,0,0.01,31088,300,917,0,1,0.0
1,1000,301,0,0.01,31088,300,918,0,1,0.0
1,1000,301,0,0.01,31088,300,919,1,1,1.0
1,1000,301,0,0.01,31088,300,920,1,1,1.0
1,1000,301,0,0.01,31088,300,921,0,1,0.0
1,1000,301,0,0.01,31088,300,922,1,1,1.0
1,1000,301,0,0.01,31088,300,923,1,1,1.0
1,1000,301,0,0.01,31088,300,924,0,1,0.0
1,1000,301,0,0.01,31088,300,925,1,1,1.0
1,1000,301,0,0.01,31088,300,926,1,1,1.0
1,1000,301,0,0.01,31088,300,927,1,1,1.0
1,1000,301,0,0.01,31088,300,928,1,1,1.0
1,1000,301,0,0.01,31088,300,929,1,1,1.0
1,1000,301,0,0.01,31088,300,930,1,1,1.0
1,1000,301,0,0.01,31088,300,931,1,1,1.0
1,1000,301,0,0.01,31088,300,932,1,1,1.0
1,1000,301,0,0.01,31088,300,933,1,1,1.0
1,1000,301,0,0.01,31088,300,934,1,1,1.0
1,1000,301,0,0.01,31088,300,935,2,2,1.0
1,1000,301,0,0.01,31088,300,936,1,1,1.0
1,1000,301,0,0.01,31088,300,937,1,1,1.0
1,1000,301,0,0.01,31088,300,938,1,1,1.0
1,1000,301,0,0.01,31088,300,939,1,1,1.0
1,1000,301,0,0.01,31088,300,940,1,1,1.0
1,1000,301,0,0.01,31088,300,941,1,1,1.0
1,1000,301,0,0.01,31088,300,942,0,1,0.0
1,1000,301,0,0.01,31088,300,943,1,1,1.0
1,1000,301,0,0.01,31088,300,944,1,1,1.0
1,1000,301,0,0.01,31088,300,945,1,1,1.0
1,1000,301,0,0.01,31088,300,946,1,1,1.0
1,1000,301,0,0.01,31088,300,947,1,1,1.0
1,1000,301,0,0.01,31088,300,948,1,1,1.0
1,1000,301,0,0.01,31088,300,949,1,1,1.0
1,1000,301,0,0.01,31088,300,950,1,1,1.0
1,1000,301,0,0.01,31088,300,951,1,1,1.0
1,1000,301,0,0.01,31088,300,952,1,1,1.0
1,1000,301,0,0.01,31088,300,953,1,1,1.0
1,1000,301,0,0.01,31088,300,954,1,1,1.0
1,1000,301,0,0.01,31088,300,955,1,1,1.0
1,1000,301,0,0.01,31088,300,956,1,1,1.0
1,1000,301,0,0.01,31088,300,957,1,1,1.0
1,1000,301,0,0.01,31088,300,958,1,1,1.0
1,1000,301,0,0.01,31088,300,959,1,1,1.0
1,1000,301,0,0.01,31088,300,960,1,1,1.0
1,1000,301,0,0.01,31088,300,961,1,1,1.0
1,1000,301,0,0.01,31088,300,962,1,1,1.0
1,1000,301,0,0.01,31088,300,963,1,1,1.0
1,1000,301,0,0.01,31088,300,964,1,1,1.0
1,1000,301,0,0.01,31088,300,965,1,1,1.0
1,1000,301,0,0.01,31088,300,966,1,1,1.0
1,1000,301,0,0.01,31088,300,967,1,1,1.0
1,1000,301,0,0.01,31088,300,968,1,1,1.0
1,1000,301,0,0.01,31088,300,969,0,1,0.0
1,1000,301,0,0.01,31088,300,970,1,1,1.0
1,1000,301,0,0.01,31088,300,971,1,1,1.0
1,1000,301,0,0.01,31088,300,972,1,1,1.0
1,1000,301,0,0.01,31088,300,973,1,1,1.0
1,1000,301,0,0.01,31088,300,974,1,1,1.0
1,1000,301,0,0.01,31088,300,975,1,1,1.0
1,1000,301,0,0.01,31088,300,976,1,1,1.0
1,1000,301,0,0.01,31088,300,977,1,1,1.0
1,1000,301,0,0.01,31088,300,978,1,1,1.0
1,1000,301,0,0.01,31088,300,979,1,1,1.0
1,1000,301,0,0.01,31088,300,980,1,1,1.0
1,1000,301,0,0.01,31088,300,981,1,1,1.0
1,1000,301,0,0.01,31088,300,982,1,1,1.0
1,1000,301,0,0.01,31088,300,983,1,1,1.0
1,1000,301,0,0.01,31088,300,984,1,1,1.0
1,1000,301,0,0.01,31088,300,985,1,1,1.0
1,1000,301,0,0.01,31088,300,986,0,1,0.0
1,1000,301,0,0.01,31088,300,987,1,1,1.0
1,1000,301,0,0.01,31088,300,988,1,1,1.0
1,1000,301,0,0.01,31088,300,989,1,1,1.0
1,1000,301,0,0.01,31088,300,990,1,1,1.0
1,1000,301,0,0.01,31088,300,991,1,1,1.0
1,1000,301,0,0.01,31088,300,992,1,1,1.0
1,1000,301,0,0.01,31088,300,993,0,1,0.0
1,1000,301,0,0.01,31088,300,994,1,1,1.0
1,1000,301,0,0.01,31088,300,995,1,1,1.0
1,1000,301,0,0.01,31088,300,996,1,1,1.0
1,1000,301,0,0.01,31088,300,997,1,1,1.0
1,1000,301,0,0.01,31088,300,998,1,1,1.0
1,1000,301,0,0.01,31088,300,999,0,1,0.0
1,1000,301,0,0.01,31088,300,1000,1,1,1.0
